a	ɪ
a	u
abdallah	æ b d ɑ l ə
abell	eɪ b ɛ l
abilities	ə b ɪ l ɪ t i z
abstractions	ə b s t ɹ æ k ʃ ə n z
academia	æ k ə d eɪ m i ə
accolade	ɛ k ə l eɪ t
activate	æ k t ɪ v eɪ t
activated	æ k t ɪ v eɪ t ɪ d
actor	ɛ k t ɝ
actress	ɛ k t ɹ ə s
adam	ɛ d ə m
addresses	ə d ɹ eɪ s ɪ z
adelson	ə d ɛ l s ə n
adenoid	ɛ d ə n ɔɪ d
adidas	æ d i d ə s
adkison	ɛ d k ɪ s ə n
administrative	æ d m ɪ n ɪ s t ɹ eɪ t ɪ v
administrative	æ d m ɪ n ɪ s t ɹ eɪ t ʌ v
administrative	æ d m ɪ n ɪ s t ɹ ə t ɪ v
administrator	æ d m ɪ n ɪ s t ɹ eɪ t ɝ
affiliated	ə f ɪ l i eɪ t ə d
after	ɔ f t ɝ
agate	ə ɡ ʌ t
agenda	ə dʒ ɪ n d ə
agnes	æ ɡ n ə s
aid	eɪ t
air	ɪ ɹ
air	ɪ
akkadian	ɑ k eɪ d i ə n
alamosa	æ l ə m oʊ z ə
alba	ɛ l b ə
album	æ l p ə m
alexey	æ l ɛ k s i
alfie	ɛ l f i
all	ə n
allusion	ə l ɪ ʒ ə n
allusions	ɪ l u ʒ ə n z
almond	æ m ə n d
almost	ɔ l m oʊ s
also	ɔ l s eɪ
altar	æ l t ə
alter	æ l t ə
alternating	ʌ l t ɝ n eɪ t ɪ ŋ
alvin	æ l v ə n
alvin's	æ l v ə n z
amasa	ə m æ s ə
amboy	æ n b ɔɪ
americans	ə m ɛ ɹ ə k ə n z
amin	ə m ə n
amine	eɪ m i n
amish	ɑ m ə ʃ
an	ɪ n
andre	æ n d ɹ i
andrea	æ n d ɹ eɪ ə
andrews	æ n d ɹ oʊ z
anime	æ n ə m eɪ
annual	æ n j ə ə l
answers	æ n s ə z
aping	eɪ p i n
apostolic	ə p ɑ s t ə l ɪ k
appendicitis	ə p ɛ n d ə s aɪ t ə s
applicable	ə p l ə k ə b ə l
applicants	æ p l ə k ə n t s
approximate	ə p ɹ ɑ k s ə m eɪ t
ara	æ ɹ ə
arbitrary	æ b ə t ɹ i
arbitrary	ɑ b ə t ɹ ɛ
arbitrary	ɑ b ə t ɹ ɛ ɹ i
area	ɪ ɹ i ə
arena	ɛ ɹ ə n ə
arena	ɹ ə n ə
ariana	ɑ ɹ i ɑ n ə
arizona	ɛ ɹ ə z oʊ n ə
armenia's	ɑ ɹ m i n i ə z
armenian	æ m i n i ə n
armistice	æ ɹ m ə s t ə s
arrest	ɝ ɪ s t
artillery	ɑ ɹ t ɪ l ɝ ɛ
artists	ɑ ɹ t ə s t s
artists	ɑ t ə s t s
as	ɪ z
asbestos	ɛ s p ɛ s t ə s
asda	ɛ z d ə
aspire	ə s p aɪ ɝ
assassination	ə s eɪ ʃ ə n eɪ ʃ ə n
assay	ɛ s eɪ
asset	ɛ s ɛ t
asset	ɛ s ɪ t
associated	ə s oʊ ʃ i eɪ t ɪ d
associated	ə s oʊ s i eɪ t ɪ d
asterism	ɛ s t ɝ ɪ z ə m
astrid	ɛ s t ɹ ɪ d
astro	æ s t ɹ ə
astronomical	ɛ s t ɹ ə n ɑ m ɪ k ə l
athabasca	æ θ ə b æ s k ə
atoll	ə t ə l
attention	ə t ɪ n ʃ ə n
audiences	ɔ d i ə n s ɪ z
auspices	ɔ s p ɪ s i z
australis	ɔ s t ɹ ɑ l ɪ s
automobile	ɔ t ə m ə b ə l
award	i w ɔ ɹ d
awarded	i w ɔ ɹ d ɪ d
awning	oʊ n ɪ ŋ
axminster	ɛ k s m ɪ n s t ɝ
b	b eɪ
bach	b ʌ k
backs	b ɛ k s
badminton	b æ d m ə n t ə n
balbina	b æ l b i n ə
baldwin's	b ɔ l d w ʊ n z
ball	b ʊ l
ballet	b ɛ l eɪ
ballet	b ɛ l i
ballets	b ɛ l eɪ z
ballets	b æ l i z
baltimore	b ɔ l t ə m ɔ
banding	b ɛ n d ɪ ŋ
banner	b ɛ n ə
bantry	b ɛ n t ɹ i
baptist	b æ p t ə s
barley	b eɪ l i
baron's	b æ ɹ ə n z
baronet	b ɛ ɹ ə n ɪ t
barrett's	b æ ɹ ə t s
barry	b ɛ ɹ i
basile	b ə z ɪ l
battleship	b ɛ t ə l ʃ ɪ p
baxter	b ɛ k s t ɝ
bear	b i
bear	b i ɹ
bears	b ɪ ɹ z
beaumont	b æ m ə n t
became	b i k eɪ m
bed	b ɪ d
begin	b ɪ ɡ æ n
bell	b æ l
bell	b æ n
belloc	b ɛ l ə k
bengal	b ɪ ŋ k ə l
berri	b ɪ ɹ i
best	b ɪ s t
best	b i s t
better	b ɪ t ɝ
bickmore	b ɪ k m ɔ ɹ
bill	b ʊ l
bill	b ɛ l
bilston	b ɪ l s t ə m
blanket	p l æ ŋ k ə t
blankets	p l æ ŋ k ə t s
bloemfontein	b l ʌ m f ə n t i n
boar	b ʊ
boff	b ʌ f
bone	b u n
boot	b oʊ t
boris	b ɔ ɹ ə s
borough	b ɝ ə
borromean	b ɑ ɹ ə m eɪ ə n
boston	b ɔ s t ə m
botha's	b oʊ θ ɪ s
boucher	b u ʃ ɪ
boule	b ʊ l
bournemouth	b oʊ n m ə θ
bowen	b oʊ ɪ n
bowl	b ə l
bracket	b ɹ æ k ə t
breccia	b ɹ ɪ tʃ i ə
breccia	b ɹ ɪ tʃ i
brendan	b ɹ ɪ n d ə n
brereton	b ɹ ɛ ɹ ɪ t ə n
breton	b ɹ ɪ t ə n
brett	b ɹ ɪ t
bucket	b ɛ k ɪ t
buenos	b w ɪ n ə s
building	b u l d ɪ ŋ
bulk	b oʊ l k
bulls	b oʊ l z
burned	b ɝ n t
burnt	b ɝ n d
cajun	k æ dʒ ə n
caldecott	k oʊ l d ə k ɑ t
calgary	k æ l k ɝ i
callisto	k ə l ɪ s t oʊ
calverton	k ɛ l v ɝ t ə n
campden	k æ m p t ə n
can	k ə m
canada	k ɛ n ə d ə
canonical	k æ n ɑ n ɪ k ə l
capellans	k ə p ɛ l ə m z
caramel	k ɛ ɹ ə m ɔ l
carbondale	k ɑ ɹ b ɪ ŋ d eɪ l
caribbean	k ɛ ɹ ə b i ə n
carl	k æ l
carnegie	k ɑ n ə ɡ i
caroling	k ɛ ɹ ə l i n
carrasquel	k ɑ ɹ ə s k ɛ l
carriageway	k ɛ ɹ ɪ dʒ w eɪ
carroll's	k ɛ ɹ ə l z
cartridges	k ɑ ɹ t ɹ ɪ dʒ ɪ z
cartridges	k ɑ ɹ t ɹ ə dʒ ɪ z
carve	k ɑ f
casa	k ʌ s ə
cassette	k ə s ɪ t
castile	k æ s t i l
castor	k æ s t ə
casual	k æ ʒ ə ə l
cattle	k ɛ t ə l
caucus	k ɑ k ə z
causes	k ɔ s ɪ z
ceased	s i s d
celebrated	s ɛ l ə b ɹ eɪ t ɪ d
celebrity	s ə l ɛ b ɹ ə t i
cell	s æ l
cemetery	s ɪ m ə t ɹ i
cemetery	s ɪ m ə t ɛ ɹ i
center	s ɪ n t ɝ
centered	s ɪ n t ɪ d
central	s ɪ n t ɹ ə l
centro	s ɪ n t ɹ oʊ
cents	s ɪ n t s
centuries	s ɛ n tʃ ʊ ɹ i z
cessna	s ɪ s n ə
chair	tʃ i ɹ
chamberlain's	tʃ æ m b ɝ l ə n z
chapel	tʃ ɛ p ə l
chaplin	tʃ æ p l ə n
charities	tʃ ɛ ɹ ɪ t i z
chechen	tʃ ɪ tʃ ə n
chechen	tʃ ɪ tʃ ə m
check	tʃ ɪ k
check	tʃ i k
chefs	ʃ ɪ f s
chen	tʃ ə n
cheney	tʃ i n i
chesley	tʃ ɪ s l i
chess	tʃ ɪ s
chest	tʃ ɪ s t
chini	tʃ ɪ n i
christoffel	k ɹ ɪ s t ə f ɛ l
chronicles	k ɹ ɑ n ə k ə l z
church's	tʃ ɝ tʃ ɪ z
cinchona	s ɪ n tʃ oʊ n ə
citizenship	s ɪ t ə z ə n ʃ ɪ p
cleaned	k l eɪ n d
cleft	k l ɪ f t
climate	k l aɪ m ə t
clinician	k l ə n ɪ ʃ ə n
clipping	k l ʌ p ɪ ŋ
clovis	k l oʊ v ə s
clunky	k l æ ŋ k i
cobras	k oʊ b ɹ ɪ z
cod	k ɑ t
codex	k oʊ d æ k s
codpiece	k ʌ t p i s
cognitive	k ɑ ɡ n ə t ɪ v
coincidental	k oʊ ɪ n s ə d ɛ n t ə l
colin's	k ɑ l ɪ n z
collaboration	k oʊ l æ b ɝ eɪ ʃ ə n
colombia	k oʊ l ʌ m b i ə
colombo	k oʊ l ʌ m b oʊ
columbian	k ə l ʌ m b i ə n
columnist	k ɑ n ə m ɪ s t
comics	k ɑ m ə k s
comment	k ɑ m ə n t
competitive	k ə m p ɪ t ə t ɪ v
complexes	k ɑ m p l ɛ k s ɪ z
computations	k ɑ m p j ə t eɪ ʃ ə n z
concentric	k ɑ n s ɛ n t ɹ ɪ k
conductivity	k ə n d ə k t ɪ v ɪ t i
confederate	k ə n f ɛ d ɝ eɪ t
conference's	k ɑ n f ɹ ə n s ɪ z
confession	k ə n f ɪ ʃ ə n
congested	k ə n dʒ ɛ s t ɪ d
congruent	k ɑ n ɡ ɹ u ə n t
conjointly	k ə n dʒ ɔɪ n t l i
conman	k ɑ n m ə n
connecting	k ə n ɪ k t ɪ ŋ
connection	k ə n ɪ k ʃ ə n
connies	k ɑ n i z
consolidated	k ə n s ɑ l ə d eɪ t ɪ d
constitutionality	k ɑ n s t ɪ t u ʃ ə n æ l ə t i
contests	k ɑ n t ɪ s
contexts	k ə n t ɛ k s t s
continuity	k ɑ n t ə n j u ə t i
continuity	k ə n t ɪ n j u ə t i
cool	k oʊ l
copenhagen	k oʊ p ə n h ɑ ɡ ə n
cordelia	k ɔ d ɛ l i ə
cornet	k ɔ n ə t
cortese	k ɔ ɹ t eɪ s
cosima	k ə s i m ə
councillor	k aʊ n s ə l ɝ
coventry	k ɔ f ə n t ɹ i
crashing	k ɹ ɪ s ɪ ŋ
crassus	k ɹ ɛ s ə s
creativity	k ɹ i eɪ t ɪ v ɪ t i
cretu	k ɹ eɪ t u
criminology	k ɹ ɪ m ə n ɑ l ə dʒ i
crosby	k ɹ ɑ z b i
crucifixion	k ɹ u s ə f ɪ k ʃ ə n
cryptomeria	k ɹ ɪ p t ə m ɪ ɹ i ə
cubist	k j u b ə s t
culinary	k ʌ l ə n ɛ ɹ i
cullen	k æ l ə n
culver	k æ l v ə
cup	k æ p
curtius	k ɝ t i ə s
cyan	s aɪ ə n
czech	tʃ ɪ k
dalmatia	d ɛ l m eɪ ʃ ə
dasent	d ə s ɪ n t
data	d ɑ t ə
davis	d eɪ v ə s
dear	d ɛ ɹ
death	d ɪ θ
debate	d ɪ b eɪ t
debated	d ɪ b eɪ t ɪ d
debates	d ɪ b eɪ t s
debt	d æ t
decapitates	d ɪ k æ p ə t eɪ t s
decima	d ɛ s ə m ə
declamations	d ɛ k l ə m eɪ ʃ ə n z
decode	d ɪ k oʊ t
dedicatee	d ɪ d ə k eɪ t i
dedication	d ɪ d ə k eɪ ʃ ə n
deer	d ɛ ɹ
defamatory	d ɪ f æ m ə t ɝ i
defense	d ɪ f ɪ n s
deficits	d ɛ f ə s ə t s
definition	d ɪ f ə n ɪ ʃ ə n
degradation	d i ɡ ɹ ə d eɪ ʃ ə n
deities	d eɪ ə t i z
deity	d eɪ ə t i
delores	d ɪ l ɔ ɹ ə s
demolition	d ɪ m ə l ɪ ʃ ə n
denarius	d ə n ɛ ɹ i ə s
denoted	d ɪ n oʊ t ɪ d
density	d ɪ n s ə t i
designation	d ɛ z ɪ ɡ n eɪ ʃ ə n
details	d i t oʊ l z
devil	d ɪ v ə l
devonshire	d ɛ v ə n ʃ aɪ ɹ
devotees	d i v oʊ t i z
didn't	d ə n t
digits	d ɪ dʒ ɪ t s
diocese	d aɪ ə s ə s
discusses	d ɪ s ɡ ʌ s ɪ z
disillusioned	d ɪ s ə l u ʒ ə n d
disney	t ɪ s n i
distributor	d ɪ s t ɹ ɪ b j u t ɝ
distributors	d ɪ s t ɹ ɪ b j u t ɝ z
doctorates	d ɑ k t ɹ ə t s
documentaries	d ɑ k j ə m ə n t ɝ i z
documentary	d ɑ k j ə m ə n t ɹ i
dogon	d oʊ ɡ ɑ n
dolby	d ɑ l b i
domesday	d u m z d eɪ
domestic	d ə m ɪ s t ɪ k
don't	d ɪ n t
dont	d oʊ n t
dots	d ɔ t s
dreams	d ɹ eɪ n z
dual	d i l
duluth	d æ l ə θ
dumont	d u m ə n t
duncan's	d æ ŋ k ə n z
dunes	t u n z
duplicate	d u p l ɪ k ə t
dylan	d ɪ l ə m
dyslexia	d ɪ s l ɪ k s i ə
earned	ɝ n t
easley	eɪ z l i
ecological	i k ə l ɑ dʒ ɪ k ə l
ecological	ɪ k ə l ɑ dʒ ɪ k ə l
ed	ɪ d
edible	i t ə b ə l
edinburgh	ɛ d ə m b ɝ ə
edith's	i d ɪ θ s
effect	i f ɪ k t
effective	ɪ f ɪ k t ɪ v
effects	i f ɪ k s
eger	i ɡ ɝ
election	ɪ l ɪ k ʃ ə n
electrical	ɪ l ɪ k t ɹ ɪ k ə l
elementary	ɛ l ə m ɛ n t ɛ ɹ i
elgon	æ l ɡ ə n
ellen	æ l ə n
emilio	ə m i l i oʊ
emirates	ɛ m ɝ ɪ t s
en	ɔ n
encompassed	ɪ n k ʌ m p ə s t
encompasses	ɪ n k ʌ m p ə s ɪ z
endemic	ɛ n d ɪ m ɪ k
endorsed	ɪ n d ɔ ɹ s t
endorsement	ɪ n d ɔ ɹ s m ə n t
endowment	ɪ n d aʊ m ə n t
enfield	ɪ n f i l d
enforcement	ɪ n f ɔ ɹ s m ə n t
engine	ɪ n dʒ ə n
engines	ɪ n dʒ ə n z
enhance	æ n h æ n s
enix	i n ɪ k s
enoch	i n ɑ k
enroll	ɪ n ɹ oʊ l
enrolled	ɪ n ɹ oʊ l d
enrolling	ɪ n ɹ oʊ l ɪ ŋ
enters	ɪ n t ɝ z
entomologist	ɪ n t ə m ɑ l ə dʒ ɪ s t
envelopes	ɑ n v ə l oʊ p s
enzyme	ɪ n z aɪ m
episode	ɛ p ɪ s oʊ d
epithet	ɛ p ə θ ə t
epping	ɪ p ɪ ŋ
epstein	ɛ p s d i n
equidistant	ɪ k w ə d ɪ s t ə n t
erasmus	ɪ ɹ æ s m ə s
erie	ɛ ɹ i
erroneously	ɪ ɹ oʊ n i ə s l i
escalera	ɛ s k ə l ɛ ɹ ə
esperanto	ɛ s p ɝ ɑ n t ə
ethelbert	ɪ θ ə l b ɝ t
ethical	ɛ θ ə k ə l
etruscan	i t ɹ ʌ s k ə n
euphonious	j u f eɪ n i ə s
evan	i v ə n
evansville	i v ə n z v ɪ l
events	ɪ v ɪ n t s
eventually	i v ɛ n tʃ ə l i
evictions	ə f ɛ k ʃ ə n z
ex	ɪ k s
exacerbated	ɪ ɡ z æ s ɝ b eɪ t ɪ d
examining	ɪ ɡ z æ m ə n ɪ ŋ
excelling	ɪ k s ɛ l ɪ ŋ
excitation	ɪ k s aɪ t eɪ ʃ ə n
exeter	ɛ k s ə t ɝ
exhibit	ɪ ɡ z ɪ b ə t
exiles	ɛ ɡ s aɪ l z
expatriates	ɛ k s p eɪ t ɹ i ə t s
expatriates	ɪ k s p eɪ t ɹ i ə t s
experiments	ɪ k s p ɛ ɹ ə m ɛ n t s
expressionist	ɪ k s p ɹ ɛ ʃ ə n ɪ s t
extruded	ɪ k s t ɹ u d ɪ d
factors	f ɛ k t ɪ z
fads	f ɛ d s
fagin	f eɪ ɡ ə n
faire	f ɪ ɹ
fallen	f ʊ l ə n
falsetto	f ɑ l s i t oʊ
farah	f ɑ ɹ ə
faster	f æ s t ə
faulds	f oʊ l d z
feasibility	f i z ə b ɪ l ɪ t i
february	f ɛ b ɹ u
feed	f i t
feet	f eɪ t
fell	v æ n
fermentation	f ɝ m ə n t eɪ ʃ ə n
fernando	f ɝ n æ n d oʊ
filkins	f ɪ l k ə n z
fireman	f aɪ ɝ m ə n
float	f l u t
flores	f l ɔ ɹ i z
florist	f l ɔ ɹ ə s t
fluorescence	f l ɔ ɹ ɪ s ə n s
focus	f oʊ k ə s
focus	f oʊ k ə z
focusing	f oʊ k ə s ɪ ŋ
fool	f ɔ l
fool	f oʊ l
footage	f ɪ t ɪ dʒ
foragers	f ɔ ɹ ɪ dʒ ɝ z
format	f ɔ ɹ m ə t
formats	f ɔ ɹ m ə t s
four	f ʊ
four	f ʊ ɹ
framingham	f ɹ eɪ m ɪ ŋ h ə m
francis	f ɹ æ n s ə s
franklin	f ɹ æ ŋ k l ə n
freddie	f ɹ ɛ t i
fremont	f ɹ i m ɑ n t
freshman	f ɹ ɪ ʃ m ə n
freshmen	f ɹ ɛ ʃ m ə n
friday	f ɹ aɪ d eɪ
friday's	f ɹ aɪ d eɪ z
friedman's	f ɹ i d m ə n z
frigate	f ɹ ə ɡ eɪ d
functionality	f ʌ ŋ k ʃ ə n æ l ə t i
fuss	f æ s
gallery	k æ l ɝ i
gally	ɡ ɛ l i
games	ɡ eɪ n z
gandhi	ɡ ʌ n d i
gandhi	ɡ ə n d i
garage	ɡ ɛ ɹ ɪ dʒ
garfield	ɡ æ f i l d
gavin	ɡ ɛ v ə n
gen	dʒ eɪ n
gene	dʒ eɪ n
genesis	dʒ ɛ n ɪ s ə s
genocide	dʒ ɛ m ə s aɪ d
geoffrey	dʒ ɪ f ɹ i
georgiana	dʒ ɔ ɹ dʒ i ɑ n ə
gertrude	ɡ ɝ t ɹ ɪ d
gibeon	ɡ ɪ b i ə n
gillette	dʒ ə l ɛ t
gilt	ɡ ɪ l d
goals	ɡ ʌ l z
godwin's	ɡ ɑ d w ɪ n z
graduated	ɡ ɹ æ dʒ u w eɪ t ɪ d
graduating	ɡ ɹ æ dʒ u w eɪ t ɪ ŋ
grams	ɡ ɹ eɪ m z
grandeur	ɡ ɹ æ n dʒ ɝ
green	ɡ ɹ eɪ n
greville	k ɹ ə v ə l
grierson	ɡ ɹ ɪ ɝ s ə n
groups	ɡ ɹ ɪ p s
guardian	ɡ ɑ d i ə n
guest	ɡ ɪ s t
guitar	k ɪ t ɑ ɹ
guitar	k ə t ɑ ɹ
guitarist	ɡ ə t ɑ ɹ ɪ s t
guitarist	k ə t ɑ ɹ ɪ s t
gully	ɡ æ l i
halifax	h æ l ə f æ k s
halpin	h æ l p ə n
halsted	h æ l s t ɛ d
hamadan	h ɑ m ə d ə n
haman	h ɑ m ə n
hamlets	h æ m l ɪ t s
hampshire	h ɛ m p ʃ ɝ
hanover	h æ n oʊ v ə
hanseatic	h æ n z i æ t ɪ k
happenstance	h ɛ p ə n s t æ n z
harlequins	h ɑ ɹ l ə k w ɪ n z
hatfield	h ɛ d f i l d
hats	h ɛ d s
hawthorne	h æ θ ə n
he	æ
he	ə
head	h ɪ d
heads	h ɪ d z
heartwood	h ɑ ɹ d w ʊ d
heathcliff	h i θ k l ɪ f
held	h ɛ l t
helena	h ə l eɪ n ə
helene	h ɛ l ə n
helicopter	h ɛ l ə k ɑ p t ɝ
helicopter	h æ l ə k ɑ p t ɝ
henderson	h ɪ n d ɝ s ə n
henley	h ɪ n l i
her	ʊ ɹ
herding	h ɝ t ɪ ŋ
heritage	h ɛ ɹ ə t ɪ dʒ
heroes	h ɪ ɹ oʊ z
heroine	h i ɹ oʊ ə n
hexton	h ɪ k s t ə n
hillsborough	h ɪ l z b ɝ ə
him	ə n
hiroshima	h ɛ ɹ ə ʃ i m ə
his	h æ s
hisar	h ɛ s ɑ ɹ
hit	h ɛ t
holding	h oʊ l t ɪ ŋ
hole	h ə l
holloway	h ɑ l ə w eɪ
holy	h ɑ l i
homer	h ʌ m ɝ
homosexual	h oʊ m ə s ɛ k ʃ u ə l
hooligans	h u l ə ɡ ə n z
horticulture	h ɔ ɹ t ə k ʌ l tʃ ɝ
hostel	h ɑ s t ɛ l
hosts	h æ s t s
hotchkiss	h ɑ tʃ k ə s
housed	h aʊ z d
hub	h ʌ p
hulls	h ɛ l z
humanitarian	j u m æ n ɪ t ɛ ɹ i ə n
hybrid	h aɪ b ɹ ɪ d
hydrated	h aɪ d ɹ eɪ t ɪ d
ibadan	ɪ b ə d ə n
idaho	aɪ d ə h ə
imagery	ɪ m ə dʒ ɹ i
immediately	ɪ m i d i eɪ t l i
immigrant	ɛ m ə ɡ ɹ ə n t
immigrants	ɛ m ə ɡ ɹ ə n t s
immigration	ɛ m ə ɡ ɹ eɪ ʃ ə n
imperfect	ɪ m p ɝ f ɛ k t
implicated	ɪ m p l ə k eɪ t ɪ d
implicitly	ɪ m p l ɪ s ɪ t l i
in	æ n
in	oʊ l
in	æ m
in	ɪ m
inappropriate	ɪ n ə p ɹ oʊ p ɹ i ə t
incongruous	ɪ n k ɑ ŋ ɡ ɹ u ə s
incubated	ɪ ŋ k j ə b eɪ t ɪ d
india	ɛ n d i ə
indonesia	ɛ n d ə n i ʒ ə
inez	ɪ n i z
infidelity	ɪ n f ə d ɛ l ə t i
ingested	ɪ n dʒ ɛ s t ɪ d
inherited	ɪ n h ɛ ɹ ə t ə d
innovation	ɪ n ə v eɪ ʃ ə n
instead	ɪ n s t eɪ d
into	ə n t oʊ
inventions	ɪ n v ɪ n ʃ ə n z
investigative	ə n v ɛ s t ə ɡ ə t ə v
involved	ɪ n v ɑ l v t
is	ə s
is	ɑ z
is	æ z
islet	aɪ l ə t
isn't	ə n t
it	æ t
it	æ d
it	ɪ d
jack	dʒ ɪ k
jacobean	dʒ ə k oʊ b i ə n
jacoby	dʒ æ k ə b i
jacqueline	dʒ æ ɡ ə l ə n
janus	dʒ æ n ə s
japan	dʒ æ p ə n
jazz	dʒ ɛ z
jazz	dʒ ə z
jenny	dʒ ɪ n i
jensen	dʒ ɪ n s ə n
jervis	dʒ ɝ v ə s
jessie	dʒ ɪ s i
jester	dʒ ɪ s t ɝ
jewish	dʒ u ɪ s
johan	j oʊ h æ n
josiah	dʒ ə s aɪ ə
judaism	dʒ u d eɪ ɪ z ə m
judy	dʒ u t i
jumpin	dʒ ʌ m p ɪ ŋ
junket	dʒ ʌ ŋ k ə t
justin	dʒ ʌ s t ə n
kadesh	k ɑ d ɪ ʃ
kamra	k æ m ɹ ə
kashmiris	k æ ʃ m ɛ ɹ i z
katya	k ʌ t j ə
kean	k ɪ n
keels	ɡ ɪ l z
keewatin	k i w ɑ t ə n
kensington	k ɪ n s ɪ ŋ t ə n
kenya	k ɪ n j ə
kenyan	k æ n j ə n
kept	k ɪ p t
keswick	k ɪ z w ɪ k
kid	k ɛ d
kilometer	k ɑ l ɑ m ə t ɝ
kimmelman	k ɪ m ə l m æ n
kingpin	k ɪ ŋ p ə n
kingsdown	k ɪ ŋ z t aʊ n
known	n oʊ ɪ n
kolkata	k ɑ l k æ t ə
kras	k ɹ æ s
kristin	k ɹ ɪ s t ə n
kross	k ɹ ɔ s
kun	k ɪ n
labelling	l eɪ b ə l ɪ ŋ
lahn	l ɑ n
laissez	l eɪ z eɪ
lake's	l eɪ ɡ s
lamentations	l æ m ɛ n t eɪ ʃ ə n z
lamont	l æ m ə n t
lansing	l æ ŋ s ɪ ŋ
largest	l ɑ dʒ ə s t
larvae	l ɑ v ə
latvia	l ɛ d v i ə
lavas	l ɑ v ə z
lavington	l ɛ v ɪ ŋ t ə n
layers	l eɪ ə z
learned	l ɝ n t
leblanc	l ə b l ɑ ŋ k
leg	l eɪ k
legacy	l ɪ ɡ ə s i
legislative	l ɛ dʒ ə s l eɪ t ɪ v
legislature	l ɛ dʒ ɪ s l eɪ tʃ ɝ
leiria	l eɪ ɹ i ə
leisure	l ɛ ʃ ɝ
lenin's	l ɪ n ə n z
lenton	l æ n t ə n
leopoldo	l i oʊ p oʊ l d oʊ
lessons	l ɪ s ə n z
let's	l ɪ t s
leto	l ɪ t oʊ
lett	l ɪ t
letter	l ɪ t ɝ
leverage	l ɪ v ɹ ɪ dʒ
lights	l aɪ t z
limiting	l ɪ m ɪ t ɪ ŋ
lindgren	l ɪ n d ɡ ɹ ɪ n
linearity	l ɪ n i ɛ ɹ ə t i
linette	l ə n ɛ t
lintels	l ɪ n t ɛ l z
linux	l ɪ n ɪ k s
liqueur	l ə k j ʊ
liquidated	l ɪ k w ə d eɪ t ɪ d
liver	l ɛ v ɝ
located	l oʊ k eɪ t ɪ d
lochia	l ɑ k i ə
logging	l ʌ ɡ ɪ ŋ
logo	l oʊ k ə
lois	l oʊ ɪ s
london	l ɛ n d ə n
longevity	l ʌ ŋ dʒ ɪ v ɪ t i
longevity	l ɑ n dʒ ɛ v ə t i
lookin	l ʊ k ɪ ŋ
lopez	l oʊ p ɪ z
loses	l ɔ s ɪ z
low	l u
lublin	l æ b l ə n
lucifer	l u s ɪ f ɝ
lurie	l ɔ ɹ i
lymphoblast	l ɪ m f oʊ b l æ s t
macguffin	m ə ɡ ʌ f ə n
mackenzie	m ə k ɪ n z i
macnamara's	m æ ɡ n ə m ɑ ɹ ə z
madison	m ɛ d ə s ə n
magdalena	m æ ɡ d ə l i n ə
maha	m ɑ h ə
mainland	m eɪ n l ə n d
mainstays	m eɪ n z d eɪ z
malted	m ɛ l t ə d
mama	m æ m ə
mama's	m ʌ m ə z
mancala	m æ n k æ l ə
manga	m æ n ɡ ə
mann	m ə n
marching	m æ tʃ i n
margaret	m ɑ ɡ ɝ ɪ t
market	m ɑ k ə t
marrakech	m ɛ ɹ ə k ɪ ʃ
marshlands	m ɑ ɹ ʃ l ə n d z
maryland	m ɛ ɹ ə l æ n
maryland	m ɛ ɹ ə l æ n d
maryland	m ɛ ɹ i l æ n
maryland	m ɛ ɹ i l æ n d
maryland	m ɛ ɹ i l ə n
maryland	m ɛ ɹ ɪ l ə n
masonic	m eɪ s ə n ɪ k
masses	m ɛ s ɪ z
mate	m eɪ t
matheson	m æ θ ɪ s ə n
matriarchal	m ɛ t ɹ i ɑ ɹ k ə l
matus	m eɪ t ə s
mayor	m ɪ ɹ
mccaffrey	m ə k æ f ɹ i
mclaren	m ə k l ɛ ɹ ə n
mclendon	m ə k l ɪ n d ə n
medal	m ɪ d ə l
medalist	m ɪ d ə l ɪ s t
meddling	m ɪ d l ɪ ŋ
media's	m eɪ d i ə z
median	m eɪ d i ə n
medication	m ɪ t ə k eɪ ʃ ə n
medieval	m ɪ d i i v ə l
medoro	m ə d ɔ ɹ ə
medusa's	m ə d ɪ s ɪ z
melee	m i l eɪ
melinda	m ɪ l ɪ n d ə
melody	m æ l ə d i
melt	m ɪ l t
men	m ɪ n
mendel's	m ɛ n d ɛ l z
mention	m ɪ n ʃ ə n
menzies	m ɪ n z i z
mercer	m ɪ s ə
merman	m ɝ m ə n
message	m ɪ s ɪ dʒ
messages	m ɪ s ɪ dʒ ɪ z
messrs	m ɪ s ɪ z
metabolic	m ɛ d ə b ɑ l ɪ k
metal	m i t ə l
metal	m ɪ t ə l
methodius	m ə θ oʊ d i ə s
metro	m ɪ t ɹ oʊ
metro	m ɪ t ɹ eɪ
mexico	m ɛ k s ɪ k oʊ
mexico	m ɪ k s ɪ k oʊ
michael	m aɪ k oʊ l
michigan	m ɪ ʃ ə ɡ ə n
microphones	m aɪ k ɹ ə f oʊ n z
middle	m ɪ d ə
midwest	m ɪ d w ɪ s t
military	m ɪ l ə t ɹ i
mini	m ɛ n i
misbehaving	m ɪ s b ɪ h eɪ v ɪ ŋ
missiles	m ə s ə l z
mississauga	m ɪ s ə s oʊ ɡ ə
mo	m ɪ
modelling	m ʌ d ə l ɪ ŋ
mohegans	m oʊ h i ɡ ə n z
molloy	m ə l ɔɪ
mom	m æ m
mongol	m ɑ ŋ ɡ oʊ l
mongols	m ɑ ŋ ɡ oʊ l z
monro	m ə n ɹ oʊ
monroe	m ɑ n ɹ oʊ
montana	m ɑ n t ɑ n ə
montenegro	m ɑ n t i n eɪ ɡ ɹ oʊ
monty	m ɑ n t i
moore	m ʊ
morozov	m ɔ ɹ ə z ɔ v
morphology	m ɔ ɹ f ə l ə dʒ i
mosby	m ɔ z b i
most	n oʊ s t
motivation	m oʊ t ɪ v eɪ ʃ ə n
moultrie	m oʊ n t ɝ i
mountaineering	m aʊ n t ə n ɪ ɹ ɪ ŋ
mud	m ʌ t
muhammad	m oʊ h ɑ m ɛ d
mullaney	m ɪ l eɪ n i
munfordville	m ɑ n f ɝ d v ɪ l
muscular	m ʌ s k j ə l ə
muslims	m ɑ s l ə m z
nagasaki	n ɑ k ə s ɑ ɡ i
napalm	m eɪ p ə m
napoli	n ɛ p ə l i
nason	m eɪ s ə n
natick	n ɛ t ɪ k
naturalist	n æ tʃ ɝ ə l ɪ s t
nebulae	n ɛ b j ə l i
neck	n ɪ k
negligence	n ɛ ɡ l ə dʒ ə n s
networking	n ɛ t w ɝ k ɪ n
nevill	n ɛ v ə l
nevin	n ɛ v ə n
next	n ɪ k s
next	n ɪ k s t
nicopolis	n ɪ k ɑ p ə l ɪ s
nilsson	n ɛ l s ə n
nonetheless	n ʌ n θ ə l ɛ s
northcote	n ɔ ɹ θ k oʊ t
northland	n ɔ ɹ θ l ə n d
northwestern	n ɔ ɹ θ w ɪ s t ɝ n
not	n oʊ t
noted	n oʊ t ɪ d
novick	n oʊ v ɪ k
null	n ɛ l
nutella	n ɑ t ɛ l ə
o'connell	oʊ k ɑ n oʊ l
o'day's	ə d eɪ z
oakdale	u k d ɛ l
oasis	oʊ eɪ s ə s
obsesses	ə b s ɛ s ə z
occult	ə k ə l t
octagonal	ɑ k t ɑ ɡ ə n ə l
octave	ɑ k t eɪ v
odessa	oʊ d ɪ s ə
odysseus	ə d ɪ s i ə s
of	ɪ v
offences	ə f ɛ n s ɪ z
offense	ɔ f ɛ n s
oh	ʌ
older	ɛ l d ɝ
oleg	ɔ l ɪ ɡ
omaha	u m ə h ɑ
oman	oʊ m ə n
omit	ɪ m ɪ t
on	ɛ l
on	oʊ l
online	ə l l aɪ n
ontario	ɑ n t ɑ ɹ i oʊ
ontario	æ n t ɑ ɹ i oʊ
ontario	æ n t ɑ ɹ i ə
onto	ɔ n t oʊ
onto	ɪ n t u
ooze	oʊ z
open	ɪ p ə n
operated	ɑ p ɹ eɪ t ɪ d
opposition	ə p ə z ɪ ʃ ə n
optimal	ɑ p t ə m ə l
or	æ
or	eɪ
oregano	ɔ ɹ ə ɡ ɑ n oʊ
organisation	ɔ ɹ ɡ ə n ə z eɪ ʃ ə n
organisations	ɔ ɹ ɡ ə n ə z eɪ ʃ ə n z
origins	ɹ ɪ dʒ ə n z
osiris	oʊ s aɪ ɹ ə s
ossetic	ə s ɛ t ɪ k
otis	oʊ t ə s
outlets	aʊ t l ɪ t s
outokumpu	oʊ t ə k æ m p u
over	æ f ɝ
overland	oʊ v ɝ l æ n d
paddies	p ɛ d i z
padding	p ɛ d ɪ ŋ
pahang	p ə h ə ŋ
pakistan	p æ k ə s t ə n
palestinian	p æ l ə s t eɪ n i ə n
palmer	p æ m ə
pancho	p ɑ n tʃ oʊ
pans	p æ n s
paraguay	p ɑ ɹ ə ɡ w eɪ
participated	p ɑ ɹ t ɪ s ə p eɪ t ə d
pasadena	p ɑ s ə d i n ə
paul	p u l
paul	p ʊ l
pauline	p ʊ l ɪ ŋ
pavlovna	p æ v l oʊ v n ə
peeples	p ɪ p ə l z
pegasus	p ɪ ɡ ə s ə s
pencil	p ɪ n s ə l
pepito	p ə p i t ə
peppermint	p ɛ p ɝ m ə n t
perennial	p ɝ ɪ n i ə l
periodic	p ɛ ɹ i ɑ d ɪ k
periodicals	p ɛ ɹ i ɑ d ɪ k ə l z
periwinkle	p ɛ ɹ i w ɪ ŋ k ə l
personalities	p ɝ s ə n æ l ə t i z
personality	p ɝ s ə n æ l ə t i
personnel	p ɝ s ə n æ l
pest	p ɪ s t
petals	p i t ə l z
petrofsky	p ə t ɹ ɑ v s k i
petrolia	p ɪ t ɹ ə l i ə
pettet	p ɪ t ɛ t
peveril	p ɛ v ɝ ə l
philologist	f ɪ l ɑ l ə dʒ ɪ s t
phrygia	f ɹ æ dʒ i ə
pickerel	p ɪ k ɹ ə l
pillory	b ɪ l ɝ i
pincer	p ɛ n s ɝ
plantain	p l æ n t eɪ n
plaster	p l æ s t ə
plasticity	p l æ s t ɪ s ə t i
platform	p l æ t f oʊ m
plummet	p l ʌ m ɪ t
polish	p oʊ l ɪ ʃ
polymeric	p ɑ l i m ɪ ɹ ɪ k
poor	p u
position	p ə z ɛ ʃ ə n
pours	p u ɹ z
practised	p ɹ æ k t ə z d
prague	p ɹ æ ɡ
prefecture	p ɹ i f ɪ k tʃ ɝ
premier	p ɹ i m ɪ ə
premiership	p ɹ i m i ə ʃ ɪ p
presbyterian	p ɹ ɛ z b ə t ɛ ɹ i ə n
prescott	p ɹ ɪ s k ɑ t
presence	p ɹ i z ə n s
presence	p ɹ i z ɛ n s
presence	p ɹ ɛ z ɛ n s
presidential	p ɹ ɛ z ɪ d ɛ n tʃ ə l
presiding	p ɹ ɪ z aɪ d ɪ ŋ
press	p ɹ ɪ s
preston	p ɹ ɪ s t ə n
principally	p ɹ ɪ n s ə p l i
probably	p ɹ ɑ p ə b l i
professional	p ɹ ə f ɪ ʃ ə n ə l
profits	p ɹ ɑ f ə t s
project	p ɹ ə dʒ ɪ k t
promulgated	p ɹ ɑ m ə l ɡ eɪ t ɪ d
pronominal	p ɹ oʊ n ɑ m ə n ə l
pronunciation	p ɹ ə n ʌ n s i eɪ ʃ ə n
prosecutor	p ɹ ɑ s ə k j u t ɝ
protection	p ɹ ə t ɪ k ʃ ə n
protectress	p ɹ ə t ɛ k t ɹ ə s
protein	p ɹ oʊ t ə n
protesters	p ɹ ə t ɛ s t ɝ z
prototype	p ɹ oʊ t oʊ t aɪ p
provinces	p ɹ ɑ v ə n s ɪ z
pulmonary	p ʌ l m ə n ɛ ɹ i
pumping	p ʌ m b ɪ ŋ
purbeck	p ɝ b æ k
purchases	p ɝ tʃ ə s ə z
pure	p j ʊ
pushkin	p ʊ ʃ k ə n
put	b ʌ t
quarantined	k w ɔ ɹ ə n t i n d
quebec	k ə b ɪ k
quebec	k ə b ɛ k
quentin	k w ɪ n t ə n
quinine	k w i n i n
racial	ɹ æ ʃ ə l
rally	ɹ eɪ l i
ranch	ɹ ɑ n tʃ
raphael	ɹ æ f eɪ ɛ l
rarely	ɹ i l i
rats	ɹ ɛ t s
reasons	ɹ eɪ z ə n z
recession	ɹ ɪ s ɪ ʃ ə n
reciprocal	ɹ ɪ s ɪ p ɹ ɪ k ə l
recite	ɹ i s aɪ t
recognized	ɹ ɪ k ə ɡ n aɪ z d
recommendations	ɹ ɛ k ɑ m ə n d eɪ ʃ ə n z
record	ɹ ɪ k ɔ d
records	ɹ ɪ k ɔ d z
recuperate	ɹ i k u p ɝ eɪ t
red	ɹ ɪ d
reed	ɹ ɛ d
reestablish	ɹ i i s t æ b l ɪ ʃ
reformed	ɹ i f ɔ ɹ m d
refraction	ɹ ɪ f ɹ æ k ʃ ə n
regardless	ɹ ɪ ɡ ɑ ɹ d l ə s
regatta	ɹ ə ɡ æ t ə
register	ɹ ɪ dʒ ɪ s t ɝ
registers	ɹ ɪ dʒ ɪ s t ɝ z
regular	ɹ ɛ ɡ j ə l ə
rehabilitate	ɹ i h ə b ɪ l ɪ t eɪ t
rehabilitation	ɹ i ə b ɪ l ɪ t eɪ ʃ ə n
relief	ɹ ə l i f
rendered	ɹ ɛ n d ɪ d
rennie	ɹ ɪ n i
renovated	ɹ i n ə v eɪ t ɪ d
reportedly	ɹ ɪ p ɔ ɹ t ɪ d l i
representation	ɹ ɛ p ɹ ə z ɛ n t eɪ ʃ ə n
represented	ɹ ɛ p ɹ ə z ɛ n ɪ d
representing	ɹ ɛ p ɹ ə z ɛ n ɪ ŋ
represents	ɹ i p ɹ ə z ɛ n t s
resented	ɹ ɪ z ɛ n ɪ d
residential	ɹ ɛ z ɪ d ɛ n tʃ ə l
respiratory	ɹ ɛ s p ɪ ɹ ə t ɔ ɹ i
respite	ɹ ɛ s p aɪ t
rest	ɹ ɪ s t
resume	ɹ ɛ z ə m
reveled	ɹ ɪ v ɛ l d
ridden	ɹ ɪ t ə n
rivlin	ɹ ɪ v l ɪ n
robot	ɹ oʊ b oʊ t
robusta	ɹ oʊ b ʌ s t ə
rochelle	ɹ ɪ ʃ ə l
rodriguez	ɹ ɑ d ɹ i ɡ ə z
romanian	ɹ ə m eɪ n i ə n
romanian	ɹ oʊ m eɪ n i ə n
roos	ɹ u s
rosalind	ɹ oʊ z ə l ə n d
rosenthal's	ɹ oʊ z ə n θ ɔ l z
roth	ɹ ɑ θ
rotherham	ɹ ɑ ð ɝ h ə m
rouse	ɹ aʊ s
rowan	ɹ oʊ ɪ n
rubinstein	ɹ u b ə n s t aɪ n
rule	ɹ oʊ l
rules	ɹ oʊ l z
s	ɪ s
sab	s ə b
sabah	s ɛ b ə
sabina	s ə b eɪ n ə
safa	s ʌ f ə
saks	s ɛ k s
saladin	s æ l ə d ə n
salesbury	s æ l z b ɛ ɹ i
salinger	s ɛ l ə n dʒ ɝ
salisbury	s ɔ l z b ɛ ɹ i
sally	s ɑ l i
salvation	s æ l v eɪ ʃ ə n
samara	s ə m ɑ ɹ ə
samba	s æ m b ə
sanitary	s æ n ə t ɛ ɹ i
sant	s ɑ n t
santa	s ɑ n t ə
sara	s ɪ ɹ ə
sarawak	s ɛ ɹ ə w ɛ k
sat	s ɛ t
saturdays	s æ t ɝ d eɪ z
sausalito	s oʊ s ə l i d oʊ
saxifrage	s æ k s ə f ɹ ɪ dʒ
scandinavian	s k æ n d ə n eɪ v i ə n
scarcity	s k ɛ ɹ s ə t i
scarlet	s k ɑ l ə t
scarlett	s k ɑ ɹ l ə t
scenario	s ɪ n ɑ ɹ i oʊ
scenario	s ɪ n ɑ ɹ i ə
scenes	s i m z
schatz	ʃ ɛ t s
scheduled	s k ɛ dʒ ə l d
schematic	s k ə m æ t ɪ k
schempp	ʃ ɪ m p
school	s k ʌ l
school	s k ɪ l
schulder	ʃ ɛ l d ɝ
schweppes	s w ɪ p s
seats	s eɪ t s
second	s ɪ k ə n
second	s ɪ k ə n d
sector	s ɪ k t ɝ
secularist	s ɪ k j ə l ɝ ɪ s t
sedimentary	s ɛ d ə m ə n t ɛ ɹ i
segment	s i ɡ m ə n t
segment	s ɪ ɡ m ə n t
semester	s ə m ɪ s t ə
senate	s ɪ n ə t
senator	s ɪ n ə t ɝ
separated	s ɪ p ɝ eɪ t ɪ d
sephira	s ə f ɪ ɹ ə
sessions	s ɪ ʃ ə n z
set	s ɪ t
sets	s ɪ t s
setting	s ɪ t ɪ ŋ
settlers	s i t l ɝ z
settling	s ɪ t l ɪ ŋ
sexy	s ɪ k s i
shazam	ʃ ɪ z ə m
sheets	ʃ eɪ t s
shorts	ʃ ɔ ɹ d z
showcase	ʃ u k eɪ s
shown	ʃ oʊ ɪ n
silla	s ɛ l ə
sim	s ʌ m
sinatra	s ə n ɑ t ɹ ə
sinatra	s ɪ n ɑ t ɹ ə
sisal	s ɪ s ə l
slovakia	s l ə v æ k i ə
snowman	s n oʊ m ɛ n
so	s eɪ
societal	s ə s aɪ ə t ə l
sold	s ɔ l t
solo	s oʊ l ə
soloist	s oʊ l oʊ ɪ s t
soprano	s ə p ɹ ɑ n oʊ
soul	s ɔ l
soviet	s oʊ v i ə t
soviets	s oʊ v i ə t s
spelled	s p ɛ l t
squad	s k w ɑ t
standard	s t æ n d ɪ d
started	s t ɑ d ɪ d
starting	s t ʌ d ɪ ŋ
steering	s t ɛ ɹ ɪ ŋ
stemmed	s t i m d
stems	s t i m z
stems	s t ɪ m z
strafford	s t ɹ ɛ f ɝ d
strangways	s t ɹ æ n w eɪ z
stretch	s t ɹ ɪ tʃ
stretching	s t ɹ ɪ tʃ ɪ ŋ
strove	s t ɹ oʊ v
stumpage	s t ɑ m p ɪ dʒ
subcompact	s ʌ b k ə m p æ k t
subdivided	s ʌ b d ɪ v aɪ d ɪ d
subsidiary	s ə b s ɪ d ɛ ɹ i
subsidized	s ʌ b s ə d aɪ z d
such	s ɑ tʃ
sucks	s ɑ k s
suffrage	s ʌ f ɝ ə dʒ
sulcus	s ɑ l k ə s
sun	s ʌ m
sure	ʃ ʊ
surfaced	s ɝ v ə s t
surrey	s ɑ ɹ i
swingin	s w ɪ ŋ ɪ ŋ
swiss	s w ɪ ʃ
synthetic	s ɪ m θ ɛ t ɪ k
tableau	t æ b l oʊ
talisman	t æ l ə s m ə n
talking	t ɔ k ɪ n
tallman	t oʊ l m ə n
taos	t aʊ s
target	t ɑ ɡ ə t
tasteless	t eɪ s t l ə s
teachers	t i tʃ ɪ z
team	t eɪ m
teatro	t i t ɹ i
teen	t i m
tehran	t ɛ ɹ ə n
tension	t ɪ n ʃ ə n
tenure	t ɪ n j ə
terminus	t ɝ m ə n ə s
terry	t ɪ ɹ i
test	t ɪ s t
texas	t ɪ k s ə s
thames	t i m z
the	θ ɛ
the	ð æ
the	ð ɛ
theft	θ ɪ f t
them	ð ɪ m
then	ð ɪ n
theodosia	θ i ə d oʊ z i ə
theosophy	θ i ɑ s ə f i
those	ð i z
thursday	θ ɝ z d eɪ
timbre	t ɪ m b ɹ
tips	t ɪ b z
tobit	t oʊ b ə t
toby	t ɑ b i
today	t oʊ d eɪ
tomatoes	t ə m ɑ t oʊ z
tool	t oʊ l
torrens	t ɑ ɹ ə n s
toulon	t ə l u n
tour	t ʊ
tournaments	t ɔ ɹ n ə m ə n t s
townsend	t aʊ n s ə n d
trachoma	t ɹ ə k oʊ m ə
trackball	t ɹ æ k p oʊ l
translated	t ɹ æ n z l eɪ t ɪ d
trash	t ɹ ɛ ʃ
travis	t ɹ æ v ə s
trek	t ɹ ɪ k
tsunami	s ɪ n ɑ m i
turtledove	t ɝ t ə l d ʌ v
two	t oʊ
umbilical	æ m b ɪ l ɪ k ə l
unclean	ə n k l eɪ m
uneconomical	ʌ n i k ə n ɑ m ɪ k ə l
unedited	ə n ɛ d ɪ t ɪ d
unintentional	ʌ n ɪ n t ɪ n ʃ ə n ə l
unusual	ə n j u ʒ ə ə l
up	ə p
uprooted	ʌ p ɹ u t ɪ d
urban	ɝ p ə n
us	ɛ s
usual	j u ʒ ə ə l
uther's	u θ ɝ z
v	f eɪ
validity	v ə l ɪ d ə t i
van	f eɪ n
vanda	v ɑ n d ə
vandross	v æ n d ɹ ɔ s
vasili	v ə s i l i
vasquez	v æ s k ɪ s
vedic	v ɪ d ɪ k
vehicular	v ə h ɪ k j ə l ɝ
velar	v ɛ l ə
venice	v i n ə s
venue	v ɪ n j u
vicariate	f ə k ɛ ɹ i ə t
vicinity	f ə s ɪ l ə t i
video	v ɪ d i ə
viljoen	v ɪ l dʒ ə n
violet	v aɪ ə l ə t
virgil	v ɝ dʒ ɪ l
visiting	v ɪ z ə t ɪ ŋ
vocally	v eɪ k ə l i
waddell	w ʌ d oʊ l
wadleigh	w ɑ d l i
waikato	w aɪ k ə t ə
walkways	w ɔ k w eɪ s
wall	w ʊ l
walney	w ʊ l n i
walsh	w ɛ l ʃ
wanders	w ʌ n d ɝ z
ward	w ʊ d
warhol	w ɔ ɹ h ə l
wavelet	w eɪ v l ɪ t
weather	w ɪ ð ɝ
weather	w ɪ ð ə
web	w ɪ p
webb	w i b
webber	w ɪ b ɝ
wed	w ʊ d
wellingborough	w ɪ l ɪ ŋ b ɝ ə
wellington	w ɪ l ɪ ŋ t ə n
were	w i ɹ
west	w ɪ s t
west	w i s t
western	w ɪ s t ə n
western	w ɪ s t ɝ n
weston	w ɪ s t ə n
westwood	w ɪ s t w ʊ d
wet	w ɪ t
whoopi	w ɪ p i
willis	w ɪ l ə s
wilson	w ɪ l s ə m
win	w ɛ n
win	w ʌ n
wisdom	w ɪ s t ə m
wolseley	w ɔ l z l i
woodlawn	w ʊ d l ə n
work	w u k
work	w ɪ k
would	ʊ d
would	ɪ t
would	æ d
x	ɪ k s
yahoo	j æ h ɪ
yoga	j u ɡ ə
you	j i
younger	j ʌ ŋ ɡ i
your	j ʊ
yoxall	j ɔ k s ə l
zero	s ɛ ɹ ə
zoom	s u m
zoroastrian	z ɔ ɹ oʊ æ s t ɹ i ə n
