a	ɛ
a	ɛ i
a	ʌ
absorption	ə b s ɔ ɹ p ʃ ə n
achilles	ə k ɪ l i s
acid	ɛ s i d
acid	ɛ s ɪ d
acquire	ə k w aɪ ɹ
acquiring	ə k w aɪ ɹ ɪ ŋ
action	ɛ k ʃ ə n
activity	ɛ k t ɪ v ə t i
add	ɛ d
adding	æ d ɪ n
adenine	ɛ d ə n i n
adjuncts	æ dʒ ʌ n k t s
admired	æ d m aɪ ɝ d
adventure	ə d v ɛ n tʃ ɝ
adventures	ə d v ɛ n tʃ ɝ z
adversarial	æ d v ɝ s ɛ ɹ i ə l
advice	æ d v aɪ z
aerobatic	ɛ ɹ ə b æ t ɪ k
aerobatics	ɛ ɹ ə b æ t ɪ k s
aesthetic	æ s θ ɛ t ɪ k
aesthetics	æ s θ ɛ t ɪ k s
affixes	ə f ɪ k s i z
aforementioned	æ f ɝ m ɛ n ʃ ə n d
africans	æ f ɹ ɪ k ə n z
again	ə ɡ æ n
aggregation	ɛ ɡ ɹ ə ɡ eɪ ʃ ə n
air	æ
air	æ ɹ
airbus	æ ɹ b ə s
aircraft's	ɛ ɹ k ɹ æ f t s
airdrop	ɛ ɹ d ɹ ɑ p
aires	ɛ ɹ i z
airfields	ɛ ɹ f i l d z
airlifted	ɛ ɹ l ɪ f t ɪ d
airstrip	ɛ ɹ s t ɹ ɪ p
airworthy	ɛ ɹ w ɝ ð i
aladdin	ə l ɛ d ɪ ŋ
alastair	æ l ə s t ɝ
aleister	æ l ɪ s t ə
aleister	æ l ɪ s t ɝ
alfredson	æ l f ɹ ɪ d s ə n
alfredsson	æ l f ɹ ɪ d s ə n
ali	ɛ l i
alice	ɛ l ə s
alicia	ə l ɪ s i ə
allegiance	ə l i dʒ ə n z
allen	ɛ l ə n
alma	ɛ l m ə
alone	ə l oʊ ŋ
along	ə l ɔ n
alonso	ə l ɑ n z oʊ
alphonse's	æ l f ɑ n s ɪ z
alvarado	æ l f ɝ ɑ d oʊ
amarillo	æ m ɝ i l oʊ
amazonas	æ m ə z oʊ n ə s
ambrose	æ m b ɹ oʊ s
ambroses	æ m b ɹ oʊ z ɪ z
amelia	ə m ɪ l j ə
american	ə m ɛ ɹ ɪ k ə n
amide	æ m i d
among	ə m ʌ n
amro	æ m ɝ oʊ
amtrak	æ m t ɹ æ k
amtrak's	æ m t ɹ æ k s
an	æ ŋ
an	ɛ n
analyses	ə n æ l ɪ s ɪ s
anchored	æ n k ɝ d
ancient	eɪ n s ə n t
andes	æ n d ɪ s
andrea's	æ n d ɹ i ə z
andretti	æ n d ɹ ɛ t i
andrews'	æ n d ɹ u z
angas	æ ŋ ɡ ə s
angeles	æ n dʒ ə l i s
angeles	æ n dʒ ə l i z
anglican	æ ŋ ɡ l i k ə n
angola	æ n ɡ oʊ l ə
ankara	æ n k ɝ ə
annas	æ n ə s
annexation	æ n æ k s eɪ ʃ ə n
annie	ɛ n i
another	æ n ʌ ð ɝ
another	ə n ʌ θ ɝ
answer	æ n s ə
antenna	æ n t æ n ə
antennas	æ n t æ n ə z
anthem	ɛ n θ ə m
anthologies	æ n θ ɑ l ə dʒ ɪ s
antibacterial	æ n t i b æ k t ɪ ɹ i ə l
antibiotic	æ n t ɪ b i ɑ t ɪ k
antibiotics	æ n t ɪ b i ɑ t ɪ k s
antique	æ n t ɪ k
antiquities	æ n t ɪ k w ə t ɪ s
any	æ n ɪ
anywhere	æ n i h w ɛ ɹ
anywhere	ɛ n i w ɛ ə
anywhere	ɛ n i w ɛ ɹ
aphorisms	ɛ f ɝ ɪ z ə m z
appendices	ə p ɛ n d ə s i z
apsley	ɛ p s l i
aral	æ ɹ ə l
aransas	ɹ æ n s ə s
arch	ɑ ɹ t s
arctic	ɑ ɹ t ɪ k
are	ɹ
are	ʌ ɹ
area's	ɛ ɹ i ə z
areas	ɛ ɹ i ə s
argentina	ɑ dʒ ə n t ɪ n ə
argentinian	ɑ ɹ dʒ ə n t ɪ n i ə n
arid	æ ɹ ə d
ariel	æ ɹ i ə l
arion's	æ ɹ i ə n z
aristocratic	ɹ ɪ s t ə k ɹ æ t ɪ k
arizona	æ ɹ ɪ z oʊ n ə
arkansas	ɑ ɹ k æ n s ə s
armon	ɑ ɹ m ə n
army	ɑ m ɪ
aromatics	æ ɹ ə m æ t ɪ k s
aron	æ ɹ ə n
aroostook	ɹ u s t ʊ k
around	ɹ aʊ n d
array	ɹ eɪ
arrested	ɹ ɛ s t ɪ d
arrow	ɛ ɹ oʊ
arsonist	ɑ ɹ s ə n ɪ s t
artifacts	ɑ ɹ t ə f ɛ k t s
artist's	ɑ ɹ t ə s t s
arum	æ ɹ ə m
arun	æ ɹ ə n
as	ə z
as	ɛ s
asda	æ z d ə
ashton	ɛ ʃ t ə n
ashworth	æ s w ɝ θ
asian	eɪ ʃ ə n
asiatic	eɪ z i æ t ɪ k
assembling	ə s ɛ m b l ɪ n
associated	ə s oʊ ʃ i eɪ t ə d
associated	ə ʃ oʊ ʃ i eɪ t ə d
associating	ə s oʊ ʃ i eɪ t ɪ ŋ
association	ə s oʊ s i eɪ ʃ ə n
assumes	ə ʃ u m z
asteroid	æ s t ɹ ɔɪ d
asteroids	ɛ s t ɝ ɔɪ d z
asteroids	ɛ s t ɹ ɔɪ d z
asthma	æ s m ə
astronauts	æ s t ɹ ə n ɔ t s
astronauts	æ s t ɹ ə n ɔ t z
astronauts'	æ s t ɹ ə n ɔ t s
attendee	ə t æ n d i
attleborough	æ t ə l b ɝ ə
auburn	ɔ b ɝ n
augusta	ə ɡ ɑ s t ə
aureus	ɔ ɹ i ə s
aurora	ɹ ɔ ɹ ə
austin	ɔ s t i n
authors	ɔ θ ə s
average	æ v ɝ ɪ dʒ
averages	æ v ɝ ɪ dʒ ɪ z
awry	ɹ aɪ
axes	æ k s i s
ayr	eɪ ɝ
aztec	æ s t ɛ k
aztecs	æ s t ɛ k s
bachelor	b æ tʃ ə l ɝ
backend	b æ k æ n d
badminton	b æ d m ɪ ŋ t ə n
bags	b æ ɡ s
balash	b ɛ l ə ʃ
balkans	b ʌ l k ə n z
ballymena	b æ l i m i n ə
bancor	b æ ŋ k ɔ ɹ
bancroft	b æ ŋ k ɹ ɔ f t
band's	b æ n d s
bang	b ɛ ŋ
bangladesh	b æ ŋ ɡ l ə d æ ʃ
bangor	b ɛ n ɡ ɔ ɹ
banker	b æ n k ɝ
bankruptcy	b æ ŋ k ɹ ə p t s i
banks	b æ n k s
baptist	b æ p t i s t
barbara	b ɑ ɹ b ɹ ə
barbuda	b ɑ ɹ b u d ə
barclay	b ɑ ɹ k l i
barclays	b ɑ ɹ k l i z
barely	b æ ɹ l i
baritones	b æ ɹ ə t oʊ n z
barking	b ɑ ɹ k i n
baroness	b ɛ ɹ ə n ɛ s
barons	b æ ɹ ə n z
barren	b ɛ ɹ ə n
barrett	b ɛ ɹ ɪ t
barrie	b æ ɹ i
barring	b ɑ ɹ ɪ ŋ
barrington	b ɛ ɹ ɪ ŋ t ə n
barrios	b ɑ ɹ i oʊ s
barron	b æ ɹ ə n
barrow	b ɛ ɹ oʊ
basal	b eɪ z ə l
base	b eɪ z
bashir	b ə ʃ ɪ ɹ
basilica	b ə z ɪ l ɪ k ə
bassett	b æ z ɪ t
basta	b ɛ s t ə
batches	b æ tʃ i z
bath	b ɛ θ
batting	b ɛ t ɪ ŋ
battle	b ɛ t ə l
bays	b eɪ s
be	b ɪ
beach	b ɪ tʃ
beaird	b ɪ ɹ d
bear	b æ
bear	b ɛ
beatrix	b i ə t ɹ ɪ k s
beck	b æ k
becky's	b ɛ k ɪ s
becoming	b ɪ k ʌ m ɪ n
bedloe's	b æ d l oʊ z
beeches	b i tʃ i z
beer	b i
before	b i f ɔ
begets	b ɪ ɡ æ t s
being	b i n
being	b i ɪ n
beliefs	b ɪ l i v s
belly	b æ l i
belt	b æ l t
bend	b æ n d
bender	b æ n d ɝ
bengal	b æ ŋ ɡ ə l
bengal	b ɛ n ɡ ə l
bengali	b ɛ n ɡ ɑ l i
bengali	b ɛ n ɡ ɔ l i
benner	b æ n ɝ
bent	b æ n t
berate	b i ɹ eɪ t
berbice	b ɝ b i s
bernhard	b ɝ n h ɑ ɹ d
bernie	b ɝ n ɪ
berryman	b ɛ ɹ ɪ m ə n
berserk	b ə z ɝ k
besant	b æ s ə n t
bestwood	b æ s t w ʊ d
beth	b æ t
bethlehem	b ɛ θ l i h æ m
between	b ɪ t w ɪ n
biases	b aɪ ə s ɪ s
biggest	b i ɡ ə s t
biggs	b ɪ ɡ s
billings	b ɪ l ɪ n z
billy	b ɪ l ɪ
bing	b ɪ n
birds	b ɝ d s
blankety	b l æ ŋ k ə t ɪ
bleeding	b l i d ɪ n
blob	b l ʌ b
blockbuster	b l ɑ k b ʌ s t ɝ
blom	b l ʌ m
blood	b l ɑ d
blues	b l u s
blyth	b l aɪ θ
bob	b ʌ b
bobcats	b ɑ b k æ t s
bobcats	b ʌ b k æ t s
body	b ʌ d i
bois	b ɔɪ z
bolshevik	b ʌ l ʃ ə v ɪ k
bomb	b ʌ m
bombings	b ʌ m ɪ ŋ z
boniface	b ɑ n i f eɪ s
bonk	b ʌ ŋ k
book	b u k
books	b u k s
booleans	b u l i ə n z
booth	b u ð
boreas	b ɔ ɹ i ə s
borough	b ɑ ɹ ə
bose	b oʊ s
bosman	b ɑ z m ə n
bothe	b oʊ θ
bottler	b ʌ t l ɝ
boulevard	b u l ə v ɑ ɹ d
boulevard	b ʊ l ə v ɑ d
boundaries	b aʊ n d ɝ i z
boundary	b aʊ n d ɝ i
bourgeois	b u ɹ ʒ w ɑ
bovis	b oʊ v i s
bowie	b oʊ ɪ
bowie's	b oʊ i s
boys	b ɔɪ s
bracewell	b ɹ eɪ z w ɛ l
brachial	b ɹ æ k i ə l
bradford	b ɹ ɛ d f ɝ d
braff	b ɹ æ f
brahms's	b ɹ ɑ m z ɪ z
braking	b ɹ eɪ k ɪ n
branding	b ɹ æ n d i n
branding	b ɹ æ n d ɪ n
brands	b ɹ ɛ n d z
brandt	b ɹ æ n t
brannigan	b ɹ ɛ n ɪ ɡ ə n
brashear	b ɹ ɛ ʃ ɪ ɹ
brazier	b ɹ eɪ z ɪ ɹ
brazil	b ɹ ə s ɪ l
brazzaville	b ɹ ɛ z ə v ɪ l
breeders'	b ɹ i d ɝ z
brendan	b ɹ æ n d ə n
brenton	b ɹ æ n t ə n
brewing	b ɹ u ɪ n
bridge	b ɹ i dʒ
brinsley	b ɹ ɪ n z l i
british	b ɹ ɪ t ɪ z
britney's	b ɹ ɪ t n i z
broadcasters	b ɹ ɔ d k æ s t ɝ z
brodsky	b ɹ ɑ d s k i
brokerage	b ɹ oʊ k ɹ ɪ dʒ
bromley	b ɹ ʌ m l i
bronchial	b ɹ ɑ ŋ k i ə l
brooks	b ɹ u k s
brother	b ɹ ɑ ð ɝ
brothers	b ɹ ɑ ð ɝ z
brothers'	b ɹ ʌ ð ɝ z
brubeck	b ɹ u b ɛ k
bruford	b ɹ u f ɝ d
brushes	b ɹ ʌ ʃ ɪ s
bubbles	b ʌ b ə l s
bubby	b ɑ b i
buccaneer	b ʌ k ə n ɪ ɹ
buccaneers	b ʌ k ə n ɪ ɹ z
bud	b ɑ d
buddhist	b ʊ d ə s t
buddy	b ɑ d i
buell	b j ʊ l
bugs	b ʌ ɡ s
bulawayo	b ʊ l ə w eɪ oʊ
bullinger	b u l ɪ ŋ ɝ
bullitt	b ʊ l ɪ t
bullseye	b ʊ l z aɪ
bundestag	b u n d ə ʃ t ɑ ɡ
bungs	b ɑ n z
buren	b j ʊ ɹ ə n
burgos	b ɝ ɡ oʊ s
bus	b ɑ ʃ
bus	b ɔ ʃ
buses	b ʌ s ɪ s
bush	b u ʃ
bush's	b ʊ ʃ i z
business	b ɪ s n ɪ s
businesses	b ɪ z n ɪ s ɪ s
businesses	b ɪ z n ɪ z ɪ z
busy	b ɪ z ɪ
butcher	b u tʃ ɝ
butte	b ɑ t
buzz	b ʌ s
c	s ɪ
cache	k æ s
cairns	k ɛ n z
callas	k æ l ə s
camera	k ɛ m ɝ ə
cameraman	k æ m ɹ ə m ə n
cameras	k æ m ɹ ə s
cameron	k æ m ɹ ə n
cameron's	k æ m ɹ ə n z
camping	k æ m p ɪ n
campos	k æ m p oʊ s
campuses	k æ m p ə s ɪ s
canberra	k æ n b ɝ ə
candido	k æ n d ɪ d oʊ
candy	k ɛ n d i
canterbury	k æ n t ə b ɝ i
canterbury	k æ n t ə b ɹ i
capped	k ɛ p t
capri	k æ p ɝ i
capsule	k æ p ʃ ə l
caravelle	k ɛ ɹ ə v ɛ l
cardiac	k ɑ d i æ k
care	k æ
care	k ɛ
career	k ɝ i ɝ
career	k ɝ i ɹ
carew	k ɛ ɹ u
carlos	k ɑ ɹ l oʊ z
carmel	k ɑ ɹ m ə l
carnegie	k ɑ n i ɡ i
carole	k æ ɹ ə l
caroline	k ɛ ɹ ə l ɪ n
carrack	k ɛ ɹ ə k
carrie	k æ ɹ i
carrier	k æ ɹ i ə
carrier	k æ ɹ i ɝ
carrier	k ɛ ɹ i ə
carrington	k ɛ ɹ ɪ ŋ t ə n
carroll	k ɛ ɹ ə l
carrollton	k ɛ ɹ ə l t ə n
carry	k ɛ ɹ i
cars	k ɑ s
cars	k ɑ ɹ s
casablanca	k æ z ə b l æ ŋ k ə
case	k eɪ z
casinos	k ə s i n oʊ z
cast	k ʌ s t
cause	k ɔ s
causes	k ɔ s ɪ s
causing	k ɔ z ɪ n
causse	k ɔ z
caveat	k æ v i æ t
cecropia	s ɪ k ɹ oʊ p i ə
cellulose	s ɛ l j ə l oʊ z
censured	s ɛ n s ɝ d
centenary	s æ n t ə n ɛ ɹ i
centenary	s ɛ n t ɛ n ɝ i
centers	s æ n ɝ z
centerville	s æ n t ɝ v ɪ l
centre	s æ n t ɝ
centrist	s ɛ n t ɹ ɪ s t
cerise	s ɝ i z
chad	tʃ ɛ d
chaffee	tʃ ɛ f i
chancellor	tʃ æ n s l ɝ
character	k ɛ ɹ ə k t ə
characters	k æ ɹ ə k t ɝ z
charity	tʃ æ ɹ ɪ t i
charlestown	tʃ ɑ ɹ ə l z t aʊ n
chassis	tʃ ɛ s i
chassis	ʃ ɛ s i
chassis	ʃ ɛ s i z
chatham	tʃ ɛ t ə m
chelmsford	tʃ æ l m s f ɝ d
chemist	k æ m ɪ s t
chemung	tʃ ɛ m ə n
chengdu	tʃ ɛ n d u
chessel	tʃ æ s ə l
chester	tʃ æ s t ɝ
chinquapin	tʃ ɪ ŋ k ə p ɪ n
chinsurah	tʃ ɪ n s ɝ ə
chips	tʃ ɪ p z
chisum	tʃ i s ə m
chlorine	k l ɔ ɹ ɪ ŋ
choir	k w aɪ ɹ
choirs	k w aɪ ɝ z
cholesterol	k ə l ɛ s t ɹ ə l
christa	k ɹ ɪ s t ə
christi	k ɹ i s t i
chromosome	k ɹ oʊ m ə z oʊ m
chuff	tʃ ɑ f
chump	tʃ ɑ m p
cinemas	s ɪ n ə m ə s
cineplex	s ɪ n ə p l æ k s
cities	s ɪ t ɪ z
citizen	s ɪ t ə s ə n
citizens	s ɪ t ə s ə n s
citizens	s ɪ t ɪ s ə n z
city	s i t i
city	ʃ ɪ t i
city's	s ɪ t ɪ z
claire	k l æ ɹ
clarence	k l ɛ ɹ ə n z
clarens	k l æ ɹ ə n z
clarification	k l æ ɹ ə f ə k eɪ ʃ ə n
clarified	k l æ ɹ ə f aɪ d
clarify	k l æ ɹ ə f aɪ
clarinet	k l æ ɹ ə n ɛ t
claros	k l ɑ ɹ oʊ s
class	k l ʌ s
clef	k l æ f
clemens	k l ɛ m ə n s
clerk	k l ʌ k
clichy	k l ɪ ʃ i
close	k l oʊ s
closer	k l oʊ z ɝ
closest	k l oʊ z ə s t
closure	k l oʊ ʃ ɝ
clothing	k l oʊ θ ɪ ŋ
clovis	k l oʊ v i s
club	k l ɑ b
clubs	k l ɑ b z
clubs	k l ʌ b s
clucking	k l ɑ k ɪ ŋ
cluny	k l u n ɪ
cochin	k oʊ tʃ ɪ ŋ
cockrum	k ɑ k ɹ ə m
cohere	k oʊ h i ɹ
coleraine	k oʊ l ɝ eɪ n
collaborative	k ə l æ b ɝ ə t ɪ v
collaborative	k ə l æ b ɹ ə t ɪ v
collar	k ʌ l ɝ
collared	k ʌ l ɝ d
collector's	k ə l ɛ k t ɝ s
collier	k ɑ l i ɝ
collingwood	k ɑ l ɪ n w ʊ d
color	k ɑ l ɝ
coloration	k ɑ l ɝ eɪ ʃ ə n
colors	k ɑ l ɝ z
colour	k ɑ l ɝ
com	k ʌ m
comatose	k oʊ m ə t oʊ z
combing	k oʊ m ɪ n
comcast	k ʌ m k æ s t
comeback	k ɑ m b æ k
comfrey	k ɑ m f ɹ i
coming	k ʌ m ɪ n
commemorative	k ə m ɛ m ɝ ə t ɪ v
commentaries	k ɑ m ə n t ɛ ɹ i z
common	k ʌ m ə n
communities	k ə m j u n ə t i s
commuting	k ə m j u t i n
companies	k ʌ m p ə n i s
comparable	k ə m p ɛ ɹ ə b ə l
compass	k ɑ m p ə s
complementary	k ɑ m p l ə m ɛ n t ɝ i
complementary	k ɑ m p l ə m ɛ n t ɹ i
comprehensive	k ɑ m p ɹ ɪ h ɛ n s ɪ v
concoctions	k ə n k ʌ k ʃ ə n z
concord	k ɑ n k ɔ ɹ d
concord	k ɑ ŋ k ɔ ɹ d
concourse	k ɑ ŋ k ɔ ɹ s
concrete	k ɑ ŋ k ɹ i t
concubines	k ɑ ŋ k j ə b aɪ n z
configure	k ə n f ɪ ɡ j ɝ
congolese	k ɑ ŋ ɡ ə l i z
congress	k ɑ n ɡ ɹ ə s
conley	k ʌ n l i
conquered	k ɑ n k ɝ d
conrad	k ɑ n ɹ ɛ d
consequences	k ɑ n s ə k w ə n s i z
considered	k ə n s i d ɝ d
conspiring	k ə n s p aɪ ɹ ɪ ŋ
conte's	k ɑ n t i s
contracting	k ɑ n t ɹ æ k t ɪ ŋ
contralto	k ə n t ɹ ɛ l t oʊ
contrast	k ə n t ɹ æ s t
contrasts	k ə n t ɹ æ s t s
controversial	k ɑ n t ɹ ə v ɝ s ə l
convective	k ə n v æ k t ɪ v
conversion	k ə n v ɝ ʃ ə n
cooke	k u k
cooperstown	k u p ɝ s t aʊ n
cordelia	k ɔ d i l i ə
cordell	k ɔ ɹ d ɛ l
cordoned	k ɔ ɹ d ə n d
corporate	k ɔ p ɝ ə t
corps	k ɔ ɹ z
corrections	k ɝ æ k ʃ ə n z
cosmetics	k ɑ z m æ t ɪ k s
costa	k ʌ s t ə
cottonwood	k ʌ t ə n w ʊ d
could	k u d
counting	k aʊ n t ɪ n
countries	k ɑ n t ɹ i s
countries	k ʌ n t ɹ i s
countries'	k ʌ n t ɹ i z
courier	k ʊ ɹ i ɝ
course	k ɔ z
courses	k ɔ z ɪ z
coverage	k ʌ v ɝ ɪ dʒ
covers	k ɑ v ə s
covers	k ʌ v ə s
covington	k ɑ v ɪ ŋ t ə n
crafted	k ɹ æ f t ɪ d
crafts	k ɹ æ f s
craig	k ɹ æ ɡ
cramps	k ɹ æ m p z
crandell	k ɹ æ n d ə l
crankshaft	k ɹ æ ŋ k ʃ æ f t
crash	k ɹ æ s
cratty	k ɹ æ t i
craxi	k ɹ æ k s i
crazy	k ɹ eɪ z ɪ
credentials	k ɹ ə d ɛ n ʃ ə l z
credibility	k ɹ æ d ə b ɪ l ɪ t i
credibility	k ɹ ɛ d ə b ɪ l ɪ t i
creese	k ɹ i s
cremated	k ɹ ɪ m eɪ t ɪ d
cremation	k ɹ ɪ m eɪ ʃ ə n
crematorium	k ɹ ɛ m ə t ɔ ɹ i ə m
crescents	k ɹ ɛ z ə n t s
creswell	k ɹ æ s w ɛ l
cricketer	k ɹ ɪ k ɪ t ɝ
crippling	k ɹ ɪ p l ɪ ŋ
criticism	k ɹ ɪ t ɪ z ɪ z ə m
critics	k ɹ ɪ t i k s
critics'	k ɹ ɪ t ɪ k s
crookston	k ɹ ʊ k s t ə n
crops	k ɹ ʌ p s
crosby	k ɹ ɔ s b i
crossborder	k ɹ ɔ s b ɔ ɹ d ɝ
crossword	k ɹ ɔ s w ɝ d
crotchet	k ɹ ʌ tʃ ɪ t
cruising	k ɹ u z i n
cryin	k ɹ aɪ ɪ ŋ
cucumber	k j u k ʌ m b ɝ
cudworth	k ɑ d w ɝ θ
culver's	k ɑ l v ɝ z
cummings	k ʌ m ɪ n z
cup	k ɑ p
curatorial	k j ʊ ɹ ə t ɔ ɹ i ə l
curry	k ɑ ɹ i
cushing	k ʊ ʃ ɪ n
customers	k ʌ s t ə m ə s
cut	k ɑ t
cuts	k ɑ t s
cuz	k ɑ z
dace	d eɪ z
dacha	d ʌ tʃ ə
daily	d eɪ l ɪ
damages	d ɛ m ɪ dʒ ɪ z
damsel	d æ m s ə l
dan	d ɛ n
dance	d æ n z
dance	d ɛ n z
darden's	d ɑ ɹ d ə n z
darius	d ɛ ɹ i ə s
darrell	d æ ɹ ə l
darren	d ɑ ɹ ə n
darren	d ɛ ɹ ə n
darryl	d æ ɹ ə l
darryl	d ɛ ɹ ə l
data	d ɛ t ə
dating	d eɪ t i n
daughters	d ɔ t ɝ s
davies	d eɪ v ɪ s
davis	d eɪ v i z
davis	d eɪ v ɪ z
day's	d eɪ s
days	d eɪ s
de	d ɪ
dead	d æ d
deal	d ɪ l
dearie	d i ɹ i
debbie	d æ b i
debriefed	d ɪ b ɹ i f t
debunked	d i b ʌ ŋ k t
decapitated	d ɪ k æ p ə t eɪ t ɪ d
december	d ɪ s æ m b ɝ
december	d ɪ z ɛ m b ɝ
decentralized	d i s ɛ n t ɹ ə l aɪ z d
decides	d ɪ s aɪ d s
decisions	d ɪ s ɪ ʃ ə n z
decoding	d i k oʊ d ɪ ŋ
decorative	d ɛ k ɝ ə t ɪ v
decrease	d ɪ k ɹ i s
decreased	d ɪ k ɹ i s t
decryption	d i k ɹ ɪ p ʃ ə n
dees	d ɪ s
default	d i f ɔ l t
defaults	d i f ɔ l t s
defense	d i f ɛ n z
deforestation	d i f ɔ ɹ ə s t eɪ ʃ ə n
deformed	d i f ɔ ɹ m d
defund	d i f ɑ n d
delhi	d æ l i
delivery	d ɪ l ɪ v ɹ i
dell	d æ l
delphinium	d æ l f ɪ n i ə m
demetrius	d ɪ m i t ɹ i ə s
demo	d æ m oʊ
demonstrations	d ɛ m ə n s t ɹ eɪ s ə n z
demos	d æ m oʊ z
dennis	d ɛ n ɪ z
dennys	d ɛ n i z
denote	d i n oʊ t
densities	d ɛ n s ə t ɪ z
denudation	d i n u d eɪ ʃ ə n
depopulated	d i p ɑ p j ə l eɪ t ɪ d
deportees	d i p ɔ ɹ t i z
deposits	d ɪ p ɑ s ɪ t s
derail	d i ɹ eɪ l
derbyshire	d ɝ b ɪ ʃ ɝ
des	d ɪ z
descent	d ɪ s æ n t
desecrated	d ɛ s ə k ɹ eɪ t ɪ d
deserted	d ɪ s ɝ t ɪ d
desertion	d ɪ s ɝ ʃ ə n
deserve	d ɪ s ɝ v
designed	d ɪ s aɪ n d
desire	d ɪ s aɪ ɝ
desmond	d ɛ s m ə n d
detailed	d i t eɪ l d
detailing	d i t eɪ l ɪ ŋ
deter	d i t ɝ
detractors	d i t ɹ æ k t ɝ z
detroit	d ɪ t ɹ ɔɪ t
dev	d æ v
developers	d ɪ v ɛ l ə p ɝ s
developing	d ɪ v ɛ l ə p ɪ n
device	d ɪ v aɪ z
devon	d æ v ə n
devonport	d æ v ə n p ɔ ɹ t
devote	d i v oʊ t
dewsbury	d u s b ɛ ɹ i
dexterity	d ɛ k s t ɛ ɹ ə t i
dhaka	d ʌ k ə
diagnose	d aɪ ə ɡ n oʊ z
diagnoses	d aɪ ə ɡ n oʊ s ɪ z
diagnosing	d aɪ ə ɡ n oʊ z ɪ ŋ
diaspora	d aɪ æ s p ɹ ə
dictys	d ɪ k t ɪ s
dies	d aɪ s
dietrich	d ɪ t ɹ ɪ k
different	d ɪ f ɝ ə ŋ t
differently	d ɪ f ɝ ə n t l i
diffract	d ɪ f ɹ æ k t
dill	d i l
diocese	d aɪ ə s i s
diocese	d aɪ ə s ɪ s
dior	d i ɔ ɹ
direct	d ɪ ɹ ɛ k t
directives	d ɪ ɹ ɛ k t ɪ v z
director	d ɝ æ k t ɝ
director	d ɪ ɹ ɛ k t ɝ
directorial	d ɝ ɛ k t ɔ ɹ i ə l
directors	d ɪ ɹ ɛ k t ɝ z
directory	d ɝ ɛ k t ɹ i
discipline	d ɪ s ə p l i n
discoveries	d ɪ s k ʌ v ɹ i z
disease	d ɪ s i z
diseases	d ɪ s i z ɪ z
dislodged	d ɪ s l ʌ dʒ d
disney	d ɪ s n i
dispersion	d ɪ s p ɝ ʃ ə n
displace	d ɪ s p l eɪ z
disrepair	d ɪ s ɹ i p ɛ ɹ
dissolution	d ɪ s ə l u ʒ ə n
dissolve	d ɪ s ɑ l v
dissolved	d ɪ s ɑ l v d
distances	d ɪ s t ə n s i z
distributive	d ɪ s t ɹ ɪ b j u t ɪ v
ditto	d i t oʊ
diverse	d ɪ v ɝ z
diversionary	d ɪ v ɝ ʃ ə n ɛ ɹ i
diving	d aɪ v ɪ n
division	d ɪ f ɪ ʃ ə n
division	d ɪ v ɪ ʃ ə n
divisor	d ɪ v aɪ s ɝ
divorce	d ɪ f ɔ s
dizziness	d ɪ s i n ə s
dock	d ʌ k
docking	d ʌ k ɪ ŋ
doctoral	d ɑ k t ɹ ə l
doctorate	d ɑ k t ɹ ə t
doctrine	d ɑ k t ɹ i n
documentaries	d ɑ k j ə m ɛ n t ɹ i z
dodd's	d ʌ d z
does	d ʌ s
doing	d u ɪ n
doldrums	d ʌ l d ɹ ə m z
doll	d ʌ l
dolliver	d ɑ l ɪ f ɝ
dolls	d ʌ l z
domestic	d ə m æ s t ɪ k
dominicans	d ə m ɪ n ɪ k ə n s
don	d ɑ ŋ
don	d ʌ n
doncaster	d ɑ ŋ k æ s t ɝ
donegal	d ɑ n i ɡ ə l
donovan's	d ʌ n ə v ə n z
doppler	d ʌ p l ɝ
doraville	d ɔ ɹ ə v ɪ l
doris	d ɔ ɹ ə s
dortmund	d ɔ ɹ t m ə n d
dose	d oʊ z
downs	d aʊ n s
downwards	d aʊ n w ɝ d s
dowry	d aʊ ɝ i
drachma	d ɝ æ k m ə
drachmas	d ɹ æ k m ə s
dram	d ɹ ʌ m
dramas	d ɹ ɑ m ə s
dramatically	d ɹ ə m æ t ɪ k ə l i
dress	d ɹ æ z
dreyfus	d ɹ eɪ f ə z
dribbling	d ɹ ɪ b ə l ɪ ŋ
driving	d ɹ aɪ v ɪ n
drizzling	d ɹ ɪ z l ɪ ŋ
drowning	d ɹ aʊ n ɪ n
drury	d ɹ ʊ ɹ i
dubbed	d ɑ b d
duck	d ɑ k
dumas	d u m ə s
dumfries	d ʌ m f ɹ i s
dumfries	d ʌ m f ɹ i z
duncan	d ʌ n k ə n
dundas	d ʌ n d ə s
dungarees	d ɑ ŋ ɡ ɝ i z
during	d u ɹ ɪ ŋ
during	d ɹ ɪ n
during	d ʊ ɹ ɪ n
dyeing	d aɪ ɪ n
dying	d aɪ ɪ n
dyskinesia	d ɪ s k ə n i z i ə
e	ɪ
each	ɪ tʃ
eagleswood	i ɡ ə l z w ʊ d
earhart	ɛ ɹ h ɑ ɹ t
earlier	ɹ l i ɝ
earned	ɹ n d
earnhardt	ɝ n h ɑ ɹ t
ease	ɪ z
easing	i z i n
east	ɪ s t
easton	ɪ s t ə n
ebenezer	ɛ b ə n i z ɝ
economic	æ k ə n ɑ m ɪ k
economic	ɪ k ə n ɑ m ɪ k
economics	æ k ə n ɑ m ɪ k s
ecstatic	ɛ k s t ɛ t ɪ k
ecuadorian	ɛ k w ə d ɔ ɹ i ə n
eddie	æ d i
eddleman	æ d ə l m ə n
edge	æ dʒ
edit	æ d ɪ t
editor	æ d ɪ t ɝ
edwardian	ɛ d w ɔ ɹ d i ə n
eerie	i ɹ i
effluent	æ f l u ə n t
eggs	ɛ ɡ s
eglinton	ɛ ɡ l ɪ ŋ t ə n
egypt	ɪ dʒ ɪ p t
eh	æ
einstein	aɪ n ʃ t aɪ n
eisenhower	aɪ s ə n h aʊ ɝ
eisner	aɪ z n ɝ
either	aɪ θ ɝ
elaborately	ɪ l æ b ɝ ə t l i
elasticity	ɪ l æ s t ɪ s ə t i
elba	æ l b ə
elbe	æ l b
elbe	æ l b ə
elders	ɛ l d ə s
election	i l ɛ k ʃ ə n
electrons	ɪ l ɛ k t ɹ ɑ n z
elementary	ɛ l ə m ɛ n t ɝ i
elementary	ɛ l ə m ɛ n t ɹ i
elen	æ l ə n
elena	ɛ l i n ə
elis	æ l i z
elites	i l i t s
ellice	ɛ l i s
ellie	æ l i
elling	æ l ɪ ŋ
ellis	ɛ l i s
elmira	æ l m aɪ ɹ ə
elongate	i l ɔ ŋ ɡ eɪ t
elongation	ɪ l ɔ ŋ ɡ eɪ ʃ ə n
eltham	æ l t ə m
elves	ɛ l f s
elvin	æ l v ɪ n
elvis	æ l v ɪ s
elytra	i l ɪ t ɹ ə
elytra	æ l i t ɹ ə
email	ɪ m eɪ l
ember	æ m b ə
emberton	æ m b ɝ t ə n
emerald	ɛ m ɝ ə l d
emerging	ɪ m ɝ dʒ ɪ n
emerson	æ m ɝ s ə n
emil	ɛ m ɪ l
emmy	æ m i
emperor	ɛ m p ɝ ə
emperor	ɛ m p ɹ ɝ
emphysema	æ m f ə s i m ə
empire	æ m p aɪ ɝ
empties	æ m t i z
emsley	ɛ m s l i
en	æ n
enclave	æ n k l eɪ v
enclitic	æ n k l ɪ t ɪ k
encrypted	ɪ n k ɹ ɪ p t ɪ d
end	æ n d
ended	æ n d ɪ d
endemic	æ n d ɛ m ɪ k
ending	æ n d ɪ n
eng	æ ŋ
engel	æ n ɡ ə l
engels	æ ŋ ɡ ə l z
engineer's	ɛ n dʒ ə n ɪ ɹ z
engines	æ n dʒ ə n z
englewood	æ ŋ ɡ ə l w ʊ d
english	ɪ n l ɪ ʃ
enquiry	ɪ n k w aɪ ɝ i
enrique	æ n ɹ i k
enstrom	ɛ n s t ɹ ə m
ensues	ɪ n ʃ u z
ensured	ɪ n ʃ ʊ ɹ d
entered	æ n t ɝ d
entering	ɛ n t ɝ ɪ n
enters	æ n t ɝ z
enters	ɛ n t ə s
entomology	æ n t ə m ɑ l ə dʒ i
entrance	æ n t ɹ ə n s
entrance	ɛ n t ɹ ə n z
entries	æ n t ɹ i z
entry	æ n t ɹ i
envelope	æ n v ə l oʊ p
enzyme	ɛ n s aɪ m
ephemeral	i f ɛ m ɝ ə l
epiphany	i p ɪ f ə n i
equations	ɪ k w eɪ ʃ ə n z
equilibria	i k w ə l ɪ b ɹ i ə
equilibrium	ɛ k w ɪ l ɪ b ɹ i ə m
equity	æ k w ə t i
era	ɪ ɹ ə
erhard	ɛ ɹ h ɑ ɹ d
eric	æ ɹ ɪ k
errata	ɹ ɑ t ə
error	ɛ ɹ
erupted	ɪ ɹ ʌ p t ɪ d
eruptions	ɪ ɹ ʌ p ʃ ə n z
esperance	ɛ s p ɝ ə n s
estill	æ s t ə l
estrogen	æ s t ɹ ə dʒ ə n
estrogen	ɪ s t ɹ ə dʒ ə n
et	æ t
etc	æ t s ɛ t ɹ ə
ethics	æ θ ɪ k s
eucharist	j u k ɝ ɪ s t
eunice	j u n i s
eurasia	j ʊ ɹ eɪ ʃ ə
euro	j ʊ ɹ oʊ
evaluating	ɪ v æ l j u eɪ t ɪ ŋ
evaluation	i v æ l j u eɪ ʃ ə n
evaluations	i v æ l j u eɪ ʃ ə n z
evangelism	ɪ v æ n dʒ ə l ɪ z ə m
evangelizing	ɪ v æ n dʒ ə l aɪ z ɪ ŋ
evaporate	i v æ p ɝ eɪ t
evaporated	i v æ p ɝ eɪ t ɪ d
evaporation	i v æ p ɝ eɪ ʃ ə n
evasion	ɪ v eɪ ʒ ə n
evasive	ɪ v eɪ s ɪ v
evening	i v ə n ɪ n
events	ɪ v æ n t s
eventual	ɪ v ɛ n tʃ u ə l
eventually	i v ɛ n tʃ u l i
ever	æ f ə
eversley	ɛ v ɝ z l i
everton	æ v ɝ t ə n
every	æ v ɹ i
everywhere	ɛ v ɹ i w ɛ ɹ
exact	ɪ ɡ s æ k t
excess	æ k s ɛ s
exchequer	ɛ k s tʃ ɛ k ɝ
exe	æ k s
exemplar	ɪ ɡ z ɛ m p l ɝ
existed	ɪ ɡ s ɪ s t ɪ d
existential	ɛ ɡ s ɪ s t ɛ n tʃ ə l
exit	ɛ k z ɪ t
exit	ɛ ɡ s ɪ t
expendable	ɪ k s p æ n d ə b ə l
expenditure	ɪ k s p ɛ n d ɪ tʃ ɝ
expenditures	ɪ k s p ɛ n d ɪ tʃ ɝ z
expensive	ɪ k s p æ n s ɪ v
experiencing	ɪ k s p ɪ ɹ i ə n s ɪ n
expiry	ɪ k s p aɪ ɝ i
exports	ɛ k s p ɔ ɹ t s
expressionism	ɪ k s p ɹ ɛ ʃ ə n ɪ z ə m
expressionistic	ɪ k s p ɹ ɛ s ə n ɪ s t ɪ k
expulsion	ɪ k s p ʌ l ʒ ə n
extends	ɪ k s t ɛ n d s
extract	ɪ k s t ɹ æ k t
extramarital	ɛ k s t ɹ ə m ɛ ɹ ə t ə l
f	æ f
face	f eɪ z
fact	f ɛ k t
factional	f ɛ k ʃ ə n ə l
factory	f ɛ k t ɝ i
fair	f æ
fairies	f ɛ ɹ ɪ z
fairy	f æ ɹ i
falling	f ɔ l ɪ n
falls	f ɔ l s
fanning	f æ n ɪ n
fantasy	f æ n ə z i
farmers'	f ɑ ɹ m ɝ z
farming	f ɑ ɹ m ɪ n
farnan	f ɑ ɹ n ə n
faroe	f ɛ ɹ oʊ
farrah	f æ ɹ ə
farron	f æ ɹ ə n
fashion	f ɛ ʃ ə n
fatality	f ə t æ l ə t i
faulty	f ɔ l t ɪ
favorite	f eɪ v ɝ ə t
feature	f ɪ tʃ ɝ
federally	f ɛ d ɹ ə l i
fell	v ɛ l
feltre	f ɛ l t ɹ
feminized	f æ m ə n aɪ z d
femoral	f ɛ m ɹ ə l
fen	f æ n
fender	f æ n d ɝ
feng	f æ ŋ
ferrie	f ɛ ɹ i
fest	f æ s t
festive	f ɛ s t i v
fetish	f æ t ɪ ʃ
fewer	f j u ɹ
field	f ɪ l d
fife	f aɪ v
figure	f ɪ ɡ ɝ
figurine	f ɪ ɡ j ɝ ɪ n
fijians	f ɪ dʒ i ə n z
files	v aɪ l z
filling	f i l ɪ ŋ
financial	f ɪ n æ n s ə l
financier	f ɪ n æ n s i ɝ
fingering	f ɪ ŋ ɡ ɝ i n
fingerings	f ɪ ŋ ɡ ɹ ɪ ŋ z
finsbury	f ɪ n z b ɛ ɹ i
fire	f aɪ ɹ
fireball	f aɪ ɝ b ɔ l
firemen	f aɪ ɝ m ə n
fires	f aɪ ɝ s
firewood	f aɪ ɝ w ʊ d
fireworks	f aɪ ɝ w ɝ k s
firing	f aɪ ɝ ɪ ŋ
first	f ɝ ʃ t
fitted	f i t ɪ d
flags	f l æ ɡ s
flan	f l æ ŋ
flaps	f l ɛ p s
flashing	f l æ ʃ ɪ n
flavoring	f l eɪ v ɝ ɪ n
fleming	f l æ m ɪ ŋ
flesh	f l æ ʃ
flodden	f l ʌ d ə n
florida	f l ɔ ɹ d ə
florida	f l ɔ ɹ i d ə
florida's	f l ɔ ɹ ɪ d ə z
flour	f l ɔ ɹ
flowering	f l aʊ ɝ i n
fluorescent	f l ɔ ɹ ɛ s ə n t
folding	f oʊ l d ɪ n
following	f ɑ l oʊ ɪ n
fonda	f ʌ n d ə
fondren	f ɑ n d ɹ ə n
food	f ʊ d
foot	f u t
footage	f u t ɪ dʒ
footballer	f u t b ɔ l ɝ
foote's	f u t s
for	f ɚ ɹ
for	f ɹ
for	v ə
forage	f ɔ ɹ ɪ dʒ
foran	f ɔ ɹ ə n
forcing	f ɔ ɹ s i n
forcing	f ɔ ɹ s ɪ n
forecasts	f ɔ ɹ k æ s
foreigner	f ɔ ɹ ə n ɝ
foreigners	f ɔ ɹ ə n ɝ z
forensic	f ɝ ɛ n z ɪ k
forensic	f ɹ ɛ n z ɪ k
forensics	f ɝ ɛ n z ɪ k s
forewing	f ɔ ɹ w ɪ ŋ
forewings	f ɔ ɹ w ɪ ŋ z
forrest	f ɔ ɹ ə s t
forrester	f ɔ ɹ ə s t ɝ
forte	f ɔ ɹ t
forward	f ɔ d
foster	f ɔ s t ɝ
foundry	f aʊ n d ɝ i
fountain	f aʊ n t ə ŋ
framing	f ɹ eɪ m ɪ n
france	f ɹ æ n z
france	f ɹ ɛ n s
frances	f ɹ æ n s ɪ s
francis	f ɹ æ n s ɪ z
franklinville	f ɹ æ ŋ k l ɪ n v ɪ l
franz	f ɹ æ n s
frederik	f ɹ ɛ d ɹ ɪ k
frederiksen	f ɹ ɛ d ɹ ɪ k s ə n
freefall	f ɹ i f ɔ l
freelance	f ɹ i l ɑ n z
freer	f ɹ i ɹ
freestanding	f ɹ i s t æ n d ɪ ŋ
freeware	f ɹ i w ɛ ɹ
fremantle	f ɹ i m æ n t ə l
french	f ɹ ɛ n s
frenulum	f ɹ ɛ n j ə l ə m
frequenting	f ɹ i k w ə n t ɪ ŋ
frequents	f ɹ i k w ɛ n t s
fresno	f ɹ ɛ s n oʊ
fretty	f ɹ æ t i
friel	f ɹ i l
friendlier	f ɹ ɛ n d l i ɝ
friesland	f ɹ i s l ə n d
friess	f ɹ i z
fris	f ɹ i z
frisby's	f ɹ ɪ z b i z
frisco	f ɹ ɪ s k oʊ
frisia	f ɹ ɪ z i ə
frisians	f ɹ ɪ z i ə n z
frogs	f ɹ ɑ ɡ s
frons	f ɹ ʌ n z
fronte	f ɹ ɑ n t
fully	f u l i
gaffe	ɡ ɛ f
galvanometer	ɡ æ l v ə n ɑ m ə t ɝ
games	ɡ eɪ m s
garrison	ɡ ɛ ɹ ɪ s ə n
garry	ɡ æ ɹ i
gary	ɡ æ ɹ i
gatacre	ɡ æ t ə k ɹ
gateshead	ɡ eɪ t s h ɛ d
gauss	ɡ aʊ z
gaz	ɡ æ s
gees	dʒ i z
geld	ɡ æ l d
gender	dʒ æ n d ɝ
general's	dʒ ɛ n ɝ ə l z
generalization	dʒ ɛ n ɝ ə l ɪ z eɪ ʃ ə n
generalizations	dʒ ɛ n ɝ ə l ɪ z eɪ ʃ ə n z
generally	dʒ ɛ n ɝ l i
gens	ɡ ɛ n z
geodesic	dʒ i ə d i z ɪ k
getaway	ɡ æ t ə w eɪ
gibbs	ɡ ɪ b s
gig	ɡ i ɡ
ginsberg	ɡ ɪ n z b ɝ ɡ
ginseng	dʒ ɪ n s æ ŋ
give	ɡ i v
glaciation	ɡ l eɪ s i eɪ ʃ ə n
glacier	ɡ l eɪ s ɝ
glaciers	ɡ l eɪ s ɝ z
glacis	ɡ l æ s ɪ
gleeson	ɡ l i s ə n
glittering	ɡ l ɪ t ɝ i n
gloucester	ɡ l ɑ s t ɝ
gloucester	ɡ l ʌ s t ɝ
glucose	ɡ l u k oʊ z
goes	ɡ oʊ s
going	ɡ oʊ ɪ n
golf	ɡ ʌ l f
golfer	ɡ ʌ l f ɝ
golfing	ɡ ʌ l f ɪ ŋ
gondi	ɡ ʌ n d i
gonzales	ɡ ɑ n z ɑ l ə z
goody	ɡ u d i
gooseberry	ɡ u z b ɛ ɹ i
got	ɡ ʌ t
government	ɡ ʌ v ɝ n m ə n t
governments	ɡ ʌ v ɝ n m ə n t s
governors	ɡ ʌ v ɝ n ɝ s
graham	ɡ ɹ æ ə m
grainger	ɡ ɹ eɪ n dʒ ɝ
grasses	ɡ ɹ æ s i z
green	ɡ ɹ ɪ n
greenbaum	ɡ ɹ ɪ n b aʊ m
greenhouse	ɡ ɹ ɪ n h aʊ z
greensburg	ɡ ɹ ɪ n s b ɝ ɡ
greer	ɡ ɹ i ɝ
greg	ɡ ɹ æ ɡ
grieving	ɡ ɹ i v ɪ n
grimaldis	ɡ ɹ ɪ m ɑ l d i z
griselda	ɡ ɹ ɪ z ɛ l d ə
grudge	ɡ ɹ ɑ dʒ
guaymas	ɡ w aɪ m ə s
guest	ɡ æ s t
guinness	ɡ ɪ n ɪ ʃ
gulf	ɡ ɑ l f
gulistan	ɡ u l ɪ s t ə n
gullah	ɡ ɑ l ə
gunfire	ɡ ʌ n f aɪ ɝ
gunton	ɡ ɑ n t ə n
gustav	ɡ u s t ɑ v
gutted	ɡ ɑ t ɪ d
hacking	h æ k i n
had	h ɛ d
hair	h æ
halifax	h æ l i f æ k s
halves	h æ f s
hamersley	h æ m ɝ z l i
hancock	h æ ŋ k ɑ k
handcrafted	h æ n d k ɹ æ f t ɪ d
handcrafts	h æ n d k ɹ æ f t s
handling	h æ n d ə l ɪ n
hanged	h æ n d
hank's	h æ ŋ k s
harnden	h ɑ ɹ n d ə n
harrah	h æ ɹ ə
harrell	h æ ɹ ə l
harrisburg	h æ ɹ ɪ s b ɝ ɡ
harrison's	h æ ɹ ɪ s ə n z
harrop	h æ ɹ ə p
harrow	h ɛ ɹ oʊ
harvested	h ɑ ɹ v ə s t ɪ d
has	h æ s
has	h ə s
hase	h eɪ s
have	h ɛ v
having	h æ v ɪ n
hayes	h eɪ s
hays	h eɪ s
he	ɪ
he's	h ɪ s
he's	h ɪ z
head	h æ d
headed	h æ d ɪ d
headers	h æ d ə z
heading	h ɛ d ɪ n
headquartered	h ɛ d k w ɔ ɹ t ɝ d
heads	h æ d s
heal	h ɪ l
healing	h i l ɪ n
healthcare	h ɛ l θ k ɛ ɹ
hear	h ɪ ɹ
heartland	h ɑ ɹ t l æ n d
heather	h ɛ θ ə
heats	h ɪ t s
heavy	h æ v i
hefty	h æ f t i
heights	h aɪ t z
hele	h ɪ l
helena	h ɛ l i n ə
helicopters	h æ l ɪ k ɑ p t ɝ z
heliport	h ɛ l i p ɔ ɹ t
hello	h æ l oʊ
helsinki	h æ l s ɪ ŋ k i
hempstead	h æ m p s t ɛ d
henderson	h æ n d ɝ s ə n
henderson's	h æ n d ɝ s ə n z
hendricks	h æ n d ɹ ɪ k s
hendrix	h æ n d ɹ ɪ k s
henk	h æ ŋ k
henkin	h ɛ n k ɪ n
henri	ɑ n ɹ i
henrik	h æ n ɹ ɪ k
hens	h æ n z
henson	h æ n s ə n
herbarium	ɝ b ɛ ɹ i ə m
here	h i
hereford	h æ ɹ ə f ɝ d
hermetically	h ɝ m æ t ɪ k l i
hero	h ɪ ɹ oʊ
hero's	h i ɹ oʊ z
hers	ɝ z
herself	ɝ s ɛ l f
heterodox	h ɛ t ɹ ə d ɑ k s
hexham	h æ k s ə m
hiatus	h aɪ eɪ t ə z
hierarchy	h aɪ ɝ ɑ ɹ k i
hiking	h aɪ k ɪ n
hinsdale	h ɪ n z d eɪ l
hire	h aɪ ɝ
his	h i s
his	h i z
historically	h ɪ s t ɔ ɹ ɪ k ə l i
hit	h i t
hockey	h ɑ k ɪ
hodgson	h ʌ dʒ s ə n
hogg	h ʌ ɡ
holsworthy	h oʊ l z w ɝ ð i
honk	h ʌ ŋ k
honors	ɑ n ɝ s
hood	h u d
hooded	h u d ɪ d
hook	h u k
horace	h ɔ ɹ ɪ s
horizontally	h ɔ ɹ ɪ z ɑ n t ə l i
horror	h ɔ ɹ
horse	h ɔ ɹ z
horsemen	h ɔ ɹ s m ə n
horticulture	h ɔ ɹ t i k ʌ l tʃ ɝ
hounslow	h aʊ n z l oʊ
hour	aʊ ɝ
hour's	aʊ ɹ z
hours	aʊ ɝ s
hours	aʊ ɝ z
house	h aʊ z
houses	h aʊ z ɪ z
housing	h aʊ s ɪ ŋ
hovercraft	h ɑ v ə k ɹ æ f t
hovering	h ɑ v ɝ ɪ ŋ
however	h aʊ æ v ɝ
howse	h aʊ s
hub	h ɑ b
hubble	h ɑ b ə l
hudson	h ɑ d s ə n
huffington	h ʌ v ɪ ŋ t ə n
humanitarian	h j u m æ n ɪ t ɛ ɹ i ə n
humanitarian	j u m æ n ə t ɛ ɹ i ə n
humor	j u m ɝ
humour	j u m ɝ
humphries	h ʌ m f ɹ i z
hungary	h ʌ ŋ ɡ ɹ i
hunkins	h ɑ ŋ k ɪ n z
hunt	h ɑ n t
hunter	h ɑ n t ɝ
huss	h ɑ s
huston	h ɑ s t ə n
i	i
idiosyncratic	ɪ d i oʊ s ɪ ŋ k ɹ æ t ɪ k
ill	i l
imagery	ɪ m ɪ dʒ ɝ i
imari	ɪ m ɑ ɹ i
immersion	ɪ m ɝ ʃ ə n
impeccable	ɪ m p æ k ə b ə l
imperial's	ɪ m p ɪ ɹ i ə l z
impoverished	ɪ m p ɑ v ɝ ɪ ʃ t
impresario	ɪ m p ɹ ɪ z ɑ ɹ i oʊ
imprisoned	ɪ m p ɹ ɪ ʒ ə n d
in	i n
in	ɪ ŋ
inaugural	ɪ n ɔ ɡ ɝ ə l
incisors	ɪ n s aɪ s ɝ z
inclusion	ɪ n k l u ʃ ə n
incomprehensible	ɪ n k ɑ m p ɹ i h ɛ n s ə b ə l
increased	ɪ ŋ k ɹ i s t
incubus	ɪ ŋ k j ə b ə s
indices	ɪ n d ə s i z
indira	ɪ n d ɪ ɹ ə
industries	ɪ n d ə s t ɹ i s
influences	ɪ n f l u ə n s i z
influences	ɪ n f l u ə n s ɪ s
inglesby	ɪ ŋ ɡ ə l z b i
injuring	ɪ n dʒ ɝ ɪ n
innings	ɪ n ɪ n z
inquiry	ɪ n k w aɪ ɝ i
instrumentals	ɪ n s t ɹ ə m ɛ n ə l z
interaction	ɪ n t ɝ ɛ k ʃ ə n
interconnect	ɪ n t ɝ k ə n æ k t
intercourse	ɪ n ɝ k ɔ ɹ s
interfere	ɪ n t ɝ f ɪ ɹ
interim	ɪ n t ɹ ə m
international	ɪ n t ɝ n æ ʃ ə n ə l
interrupt	ɪ n t ɚ ʌ p t
intersex	ɪ n t ɝ s ɛ k s
invariant	ɪ n v ɛ ɹ i ə n t
invasive	ɪ n v eɪ z ɪ v
invertebrates	ɪ n v ɝ t ə b ɹ ə t s
ipswich	ɪ p ʃ w ɪ tʃ
iraq	i ɹ æ k
irascible	ɪ ɹ ɛ s ə b ə l
ireland	ɑ ɹ l ə n d
iris	aɪ ɹ ə ʃ
irradiations	i ɹ eɪ d i eɪ ʃ ə n z
is	i z
is	ɪ s
is	ɪ ʃ
is'	ɪ z
isabella	ɪ s ə b ɛ l ə
islamic	ɪ s l æ m ɪ k
islamic	ɪ z l ɛ m ɪ k
isolde	ɪ z oʊ l d
israel	ɪ s ɹ i ə l
israeli	ɪ s ɹ eɪ l i
issue	ɪ s u
issues	ɪ s u z
issuing	ɪ ʃ u ɪ n
it	i t
it's	i t s
it's	ɪ t z
ivory	aɪ v ɹ i
jack	dʒ ɛ k
jackson	dʒ ɛ k s ə n
jacques	ʃ ɑ k
jadwiga	dʒ ɛ d w i ɡ ə
japanese	dʒ æ p ə n i s
jarrett	dʒ ɛ ɹ ɪ t
jarrold	dʒ ɛ ɹ ə l d
jason	dʒ eɪ z ə n
jazz	dʒ æ s
jazz	dʒ ɛ s
jazzy	dʒ ɛ s i
jeffery	dʒ ɛ f ɹ i
jellicoe	dʒ æ l ə k oʊ
jenkin	dʒ ɛ n k ɪ n
jenkins	dʒ ɛ n k ɪ n z
jenkins	dʒ ɛ n k ɪ ŋ z
jennifer	dʒ ɛ n ɪ f ɝ
jersey	dʒ ɝ s i
jess's	dʒ ɛ s i z
jesuits	dʒ ɛ z u ɪ t s
jewelry	dʒ u l ɹ i
jewry	dʒ u ɝ i
jogger	dʒ ɑ ɡ ɝ
jogging	dʒ ʌ ɡ ɪ ŋ
john	dʒ ɑ ŋ
john	dʒ ʌ n
joseph's	dʒ oʊ s ə f s
josiah	dʒ oʊ z aɪ ə
josie	dʒ oʊ s i
juan	w ʌ n
juggling	dʒ ʌ ɡ l ɪ n
juicer	dʒ u s ɝ
juniper	dʒ u n ɪ p ɝ
kahn	k ʌ n
kahr	k ɑ ɹ
kallas	k æ l ə s
kamran	k æ m ɝ ə n
kansas	k æ n s ə s
kansas	k æ n s ə z
karel	k æ ɹ ə l
karras	k ɛ ɹ ə s
karsh	k ɑ ɹ s
kasher	k æ ʃ ɝ
kashmir	k æ ʃ m ɪ ɹ
kashmiri	k æ ʃ m ɪ ɹ i
kelly	k æ l i
kelly's	k ɛ l ɪ z
kelvin	k æ l v ə n
kelvin	k æ l v ɪ n
kemel	k æ m ə l
ken	k æ n
kenilworth	k æ n ə l w ɝ θ
kennebec	k æ n ə b ɛ k
kenney	k æ n i
kenny	k æ n i
kent	k æ n t
kenya	k æ n j ə
keratin	k ɛ ɹ ə t ɪ n
kettle	k æ t ə l
kevin	k æ v ə n
key	k ɪ
keynes	k ɪ n z
kilometer	k ɪ l ə m ɪ t ə
kin	k ɪ ŋ
king	k ɪ n
king's	k ɪ n z
kingdom	k ɪ n d ə m
kingfishers	k ɪ n f ɪ ʃ ɝ z
kings	k ɪ n z
kings	k ɪ ŋ s
kingstown	k ɪ ŋ s t aʊ n
kinsella	k ɪ n s ɛ l ə
kinshasa	k ɪ n ʃ ɛ s ə
kismet	k ɪ z m æ t
kittrell	k ɪ t ɹ ə l
kivas	k i v ə s
klang	k l æ n
klebs	k l æ b z
kloshe	k l ʌ ʃ
kohr	k ɔ ɹ
kook	k ʊ k
korean	k ɔ ɹ i ə n
korean	k ɝ i ə n
koreans	k ɝ i ə n z
kravitz	k ɹ æ v ɪ t s
krishna	k ɹ ɪ s n ə
kristen	k ɹ ɪ s t ə n
kristina	k ɹ ɪ s t i n ə
krum	k ɹ ʌ m
krystal	k ɹ ɪ s t ə l
kubrick	k j u b ɹ ɪ k
kush	k u ʃ
l	æ l
labourers	l eɪ b ɹ ɝ z
labs'	l æ b s
lacked	l ɛ k t
lacking	l æ k ɪ n
laird	l æ d
lanchester	l æ ŋ tʃ ɛ s t ɝ
land	l ɛ n d
landed	l ɛ n d ɪ d
lander	l ɛ n d ɝ
lanes	l eɪ ŋ s
langley	l æ ŋ l ɪ
lansbury	l æ n z b ɛ ɹ i
lapland	l ɛ p l ə n d
laptop	l æ p t ʌ p
laser	l eɪ s ɝ
lashing	l æ s ɪ ŋ
latter	l ɛ t ɝ
lattice	l ɛ t ə s
lattices	l æ t ə s i z
latvia	l æ t f i ə
laugh	l ʌ f
laurens	l ɔ ɹ ə n s
laurie's	l ɔ ɹ i z
leaders	l i d ə s
leading	l i d ɪ n
league's	l i ɡ s
leagues	l i ɡ s
leaked	l ɪ k t
lean	l ɪ n
lear	l i ə
lear	l i ɝ
learning	l ɝ n ɪ n
leary's	l ɪ ɹ ɪ z
leather	l æ θ ɝ
leaving	l ɪ v ɪ ŋ
left	l æ f t
leibniz	l i b n ɪ s
leipzig	l aɪ p z ɪ ɡ
lem	l æ m
lenders	l æ n d ɝ z
lending	l æ n d ɪ ŋ
length	l ɛ n θ
lengthy	l ɛ n θ i
lenz	l æ n z
leominster	l æ m s t ə
leonidas	l i ə n i d ə s
leos	l i oʊ s
lesbian	l æ z b i ə n
lesbian	l ɛ s b i ə n
lessees	l æ s i z
leticia	l ə t i ʃ ə
letter	l æ t ɝ
letter	l ɛ t ə
letters	l æ t ɝ z
lewis	l u ɪ z
lexus	l ɛ k s ə z
licensing	l aɪ s ə n s ɪ n
limerick	l ɪ m ɹ ɪ k
lindsay	l ɪ ŋ z i
lindsey	l ɪ n s i
line	l aɪ ŋ
linearly	l ɪ n i ɹ l i
linguistic	l ɪ n ɡ w ɪ s t ɪ k
linton	l ɪ ŋ t ə n
lisbon	l ɪ s b ə n
list	l i s t
listenership	l ɪ s n ɝ ʃ ɪ p
listening	l ɪ s n i n
listing	l ɪ s t ɪ n
lita	l ɪ t ə
litchfield	l i tʃ f i l d
literature	l ɪ t ɹ ə tʃ ɝ
live	l i v
liver	l ɪ f ɝ
liveries	l ɪ v ɝ i z
livres	l i v z
loath	l oʊ ð
lobscouse	l ʌ b s k aʊ s
locked	l ʌ k t
locomotive	l oʊ k ə m oʊ t i v
longer	l ɔ ŋ ɡ ɝ
longevity	l ɔ ŋ dʒ ɛ v ə t i
look	l u k
loong	l u ŋ
loose	l u z
looses	l u z ɪ z
lorenz	l ɔ ɹ ɛ n s
loss	l ɔ z
louis	l u i s
louis	l u ɪ
love	l ʊ f
lover	l ɑ f ə
lover	l ɑ v ə
lovering	l ɑ v ɝ ɪ ŋ
lubar	l u b ɑ ɹ
lucian	l u s i ə n
lucius	l u s i ə s
luis	l u i z
luis	l u ɪ s
lukas	l u k ə s
luke	l ʊ k
lust	l ɑ s t
lutherans	l u θ ɹ ə n z
lynch's	l ɪ n tʃ i z
lyres	l aɪ ɝ z
macabre	m ə k ɑ b ɹ
magas	m æ ɡ ə s
maghreb	m ɑ ɡ ɹ ə b
maguire	m ə ɡ w aɪ ɝ
maguire's	m ə ɡ w aɪ ɝ z
maize	m eɪ s
malagasy	m æ l ə ɡ æ s ɪ
malaysian	m ə l eɪ ʃ ə n
malik	m ɛ l ɪ k
maltese	m ʌ l t i z
mandate	m ɛ n d eɪ t
mandolin	m ɛ n d ə l i n
mangrove	m æ ŋ ɡ ɹ oʊ v
mangroves	m æ ŋ ɡ ɹ oʊ v z
manic	m ɛ n ɪ k
manitoba	m æ n i t oʊ b ə
mankato	m æ ŋ k ɑ t oʊ
mannix	m ɛ n ɪ k s
manoeuvre	m ə n u v ɝ
manor	m ɛ n ə
manrique	m ə n ɹ ɪ k
mansfield	m æ n s f i l d
many	m æ n i
many	m ɛ n ɪ
many	m ɪ n ɪ
marathon	m ɛ ɹ ə θ ə n
march	m ʌ tʃ
marching	m ɑ ɹ tʃ i n
margaret's	m ɑ ɹ ɡ ɝ ɪ t s
marijuana	m ɛ ɹ ə w ɑ n ə
maris	m ɑ ɹ ɪ s
marjory	m ɑ ɹ dʒ ɝ i
marketeer	m ɑ ɹ k ə t ɪ ɹ
markets	m ɑ ɹ k ə t s
markings	m ɑ ɹ k ɪ ŋ s
marlborough	m ɑ ɹ l b ɝ ə
marlene	m ɑ ɹ l i n
marriages	m ɛ ɹ ɪ dʒ ɪ s
married	m ɛ ɹ ɪ d
marriott	m ɛ ɹ ɪ ə t
mars	m ɑ ʃ
marschall	m ɑ ɹ ʃ ə l
marsh	m ɑ ɹ s
marsh	m ɑ ɹ z
marshes	m ɑ ɹ ʃ ɪ z
martel	m ɑ ɹ t ɛ l
martin's	m ɑ ɹ t ə n z
martinez	m ɑ ɹ t ɪ n ɛ z
martyrdom	m ɑ ɹ t ə ɝ d ə m
maryland	m ɛ ɹ i l ə n d
maryville	m ɛ ɹ i v ɪ l
maslin	m æ s l ɪ n
masri	m ɑ z ɝ i
mass	m ɑ z
mass	m ɛ s
mass	m ʌ s
masses	m æ s i z
massif	m æ s ɪ v
matins	m æ t ə n s
matter	m ɛ t ɝ
maureen	m ɔ ɹ ɪ n
maurice	m ɔ ɹ ɪ s
mauser	m aʊ z ɝ
maverick	m ɛ v ɝ ɪ k
maxime	m æ k z i m
mayer	m eɪ ɹ
mayfield	m eɪ f ɪ l d
mayor	m eɪ ɹ
mayor	m ɛ ɹ
mays	m eɪ s
maze	m eɪ s
mcardle	m ə k ɑ ɹ d ə l
mcarthur	m ə k ɑ ɹ θ ɝ
mcateer	m æ k ə t ɪ ɹ
mccarthy's	m ə k ɑ ɹ θ i z
mccartney	m ə k ɑ ɹ t n i
mccarty	m ə k ɑ ɹ t i
mccormick	m ə k ɔ ɹ m ɪ k
mccreary	m ə k ɹ ɪ ɹ i
mcculley	m ə k ɑ l i
mccully	m ə k ɑ l i
mcfarlan	m ə k f ɑ ɹ l ə n
mckenzie	m ə k ɛ n s i
mclaren	m ə k l æ ɹ ə n
mcnair	m ə k n ɛ ɹ
mcnairy	m ə k n ɛ ɹ i
mcparland	m ə k p ɑ ɹ l ə n d
mcpartlin	m ə k p ɑ ɹ t l ə n
me	m ɪ
meanwhile	m ɪ n w aɪ l
measure	m ɛ ʃ ə
measures	m ɛ ʃ ɝ z
medal	m æ d ə l
medalists	m æ d ə l ɪ s t s
medical	m æ d ɪ k ə l
medicines	m ɛ d ə s ə n s
meeting	m i t ɪ n
meg	m æ ɡ
mek	m æ k
melissa	m ə l i s ə
melva	m æ l v ə
member	m æ m b ɝ
memel	m æ m ə l
memorabilia	m ɛ m ɹ ə b i l j ə
men	m æ n
men's	m æ n z
mendoza	m æ n d oʊ z ə
meng	m ɛ n
menke	m æ ŋ k
mennonite	m æ n ə n aɪ t
menorah	m ə n ɔ ɹ ə
mentions	m æ n ʃ ə n z
mentor	m æ n t ɝ
menu	m æ n j u
menzies	m æ n s i z
mephisto	m ɛ f ɪ s t oʊ
merchandise	m ɝ tʃ ə n d aɪ s
merciless	m ɝ s i l ə s
merrimack	m ɛ ɹ i m æ k
mersea	m ɝ z i
merseburg	m ɝ ʃ b ɝ ɡ
mersey	m ɝ z i
meryl	m ɛ ɹ ə l
merz	m ɝ s
mesa	m eɪ z ə
mesh	m æ ʃ
meshed	m æ ʃ t
mesmer's	m ɛ s m ɝ z
mesmerism	m ɛ z m ɝ ɪ z ə m
mess	m æ s
mestre	m ɛ s t ɹ
met	m æ t
metal	m æ t ə l
metals	m æ t ə l z
methods	m ɛ θ ə d s
metra	m ɛ t ɹ ə
metro	m æ t ɹ oʊ
mets	m æ t s
mezzanine	m ɛ s ə n i n
miasma	m i æ s m ə
mick	m i k
middens	m i d ə n z
midocean	m ɪ d oʊ ʃ ə n
miki	m i k i
mila	m i l ə
mildred	m ɪ l d ɹ ɪ d
milewski	m ɪ l ɛ v s k i
militaristic	m ɪ l ə t ɹ ɪ s t ɪ k
millennium	m ə l æ n i ə m
millennium	m ɪ l ɛ n i ə m
mimi	m ɪ m i
minister	m ɪ n ə s t ɹ
ministerial	m ɪ n ɪ s t ɪ ɹ i ə l
ministerialists	m ɪ n ɪ s t ɪ ɹ i ə l ɪ s t s
minna	m i n ə
mirabal	m ɪ ɹ ə b ə l
mire	m aɪ ɝ
missed	m i s t
missouri	m ɪ s ʊ ɹ i
mitchell	m i tʃ ə l
mixing	m ɪ k s i n
mixing	m ɪ k s ɪ n
model	m ʌ d ə l
modeled	m ʌ d ə l d
modeling	m ʌ d ə l ɪ ŋ
models	m ʌ d ə l z
mods	m ʌ d z
moffat	m ʌ f ə t
moffett	m ʌ f ɪ t
molasses	m ə l æ s ə s
mollis	m ʌ l ɪ s
mom	m ʌ m
mom's	m ʌ m z
mommy	m ʌ m i
monaghan	m ɑ n ə h ə n
moncreiff	m ɑ ŋ k ɹ i f
moncrief	m ɑ ŋ k ɹ i f
money	m ɑ n i
mongolia	m ʌ ŋ ɡ oʊ l j ə
mongoose	m ʌ n ɡ u s
monitoring	m ɑ n ə t ɹ ɪ ŋ
monk's	m ɑ ŋ k s
monoecious	m ə n ɪ ʃ ə s
monsoon	m ʌ n s u n
months'	m ʌ n θ s
montreal	m ə n t ɹ i ɔ l
moore	m ɔ ɹ
moore's	m ɔ ɹ z
mooring	m ʊ ɹ ɪ ŋ
moorings	m ʊ ɹ ɪ ŋ z
moose	m u z
moratoriums	m ɔ ɹ ə t ɔ ɹ i ə m z
morial	m ɔ ɹ i ə l
mornings	m ɔ ɹ n ɪ n z
morris	m ɔ ɹ ə s
mortensen	m ɔ ɹ t ɪ n s ə n
moscow	m ʌ s k oʊ
moses	m oʊ z ɪ s
mosier	m oʊ z ɝ
mosquitos	m ə s k i t oʊ z
mother	m ɑ ð ɝ
motif	m oʊ t ɪ v
motifs	m oʊ t i v z
motifs	m oʊ t ɪ v z
mottled	m ʌ t ə l d
mouths	m aʊ θ s
moyse	m ɔɪ z
mozambique	m oʊ s æ m b ɪ k
much	m ɑ tʃ
muddy	m ɑ d i
mudge	m ɑ dʒ
muehl	m j ʊ l
multimedia	m ɑ l t i m i d i ə
multipart	m ʌ l t i p ɑ ɹ t
mumbo	m ɑ m b oʊ
munsters	m ɑ n s t ɝ z
musgraves	m ʌ z ɡ ɹ eɪ v z
musik	m j u z ɪ k
muskrats	m ʌ s k ɹ æ t s
muslim	m ʌ s l ə m
muslims	m ʌ s l ə m z
mutt	m ɑ t
myrie	m aɪ ɝ i
mysteries	m ɪ s t ɹ i z
mysteriously	m ɪ s t ɪ ɹ i ə s l i
n	æ n
naming	n eɪ m ɪ n
nanjing	n ɛ n dʒ ɪ ŋ
nankin	n æ n k ɪ n
nasmyth	n ɛ z m ɪ θ
nat	n ɛ t
naturalistic	n æ tʃ ɝ ə l ɪ s t ɪ k
naturalization	n æ tʃ ɝ ə l ɪ z eɪ ʃ ə n
naturalize	n æ tʃ ɝ ə l aɪ z
naturalized	n æ tʃ ɝ ə l aɪ z d
navy	n eɪ v ɪ
naxos	n æ k s oʊ s
neary	n ɪ ɹ i
neck	n æ k
negri	n ɛ ɡ ɝ i
nepos	n ɛ p ə s
nesbit	n ɛ z b ɪ t
nesbitt	n ɛ s b ɪ t
nets	n æ t s
neutrons	n u t ɹ ɑ n s
newhart	n u h ɑ ɹ t
newlin	n u l ɪ ŋ
newmarket	n u m ɑ ɹ k ə t
newspaper	n u s p eɪ p ɝ
next	n æ k s
nico	n ɪ k oʊ
nihil	n ɪ h ɪ l
nilsen	n i l s ə n
nilson	n i l s ə n
nilsson	n i l s ə n
nonprofit	n ɑ n p ɹ ɑ f ə t
nonsectarian	n ɑ n s ɛ k t ɛ ɹ i ə n
norby	n ɔ ɹ b i
norreys	n ɔ ɹ ɪ s
norwell	n ɔ ɹ w ɛ l
noteworthy	n oʊ t w ɝ θ i
notoriously	n ə t ɔ ɹ i ə s l i
nozzle	n ʌ z ə l
number	n ʌ m ɝ
numbers	n ʌ m b ɝ s
numeric	n u m ɛ ɹ ɪ k
numerically	n u m ɛ ɹ ɪ k l i
nut	n ɑ t
nutritionist	n u t ɹ ɪ ʃ ə n ɪ s t
nuts	n ɑ t s
nynorsk	n i n ɔ ʃ k
oases	oʊ eɪ s i z
obstetric	ə b s t æ t ɹ ɪ k
obstetrics	ɑ b s t ɛ t ɹ ɪ k s
occasions	ə k eɪ ʃ ə n z
occurrences	ə k ɝ ə n s i z
of	ɑ v
of	ɔ f
of	ə f
off	ɔ v
off	ʌ f
off	ʌ v
office	ɔ v ə s
officers	ɔ f ə s ɝ s
oglesby	oʊ ɡ ə l z b i
olyphant	oʊ l i f ə n t
on	ɔ ŋ
on	ʌ n
once	w ɑ n s
once	w ʌ n z
one	w ɑ n
ongoing	ɔ n ɡ oʊ ɪ n
onion	ɑ n j ə n
opening	oʊ p ə n ɪ n
opera's	ɑ p ɝ ə z
operas	ɑ p ɝ ə z
operas	ʌ p ɝ ə s
operate	ʌ p ɹ eɪ t
operated	ʌ p ɝ eɪ t ɪ d
operates	ʌ p ɝ eɪ t s
ophelia	ə f i l i ə
opting	ɑ p t i n
optional	ʌ p ʃ ə n ə l
optometry	ɑ p t ɑ m ə t ɹ i
or	ɹ
original	ɹ ɪ dʒ ə n ə l
orkin	ɔ ɹ k ɪ n
orren	ɔ ɹ ə n
orthodontic	ɔ ɹ θ ə d ɑ n t ɪ k
oscar	ɑ s k ɝ
oswego	ɑ z w i ɡ oʊ
other	ɑ θ ɝ
otters	ʌ t ɝ z
ounce	aʊ n z
our	aʊ ɝ
ours	aʊ ɹ z
overdose	oʊ v ɝ d oʊ z
overseers	oʊ v ɝ s i ɹ z
overthrowing	oʊ v ɝ θ ɹ oʊ ɪ n
owyhee	oʊ i h i
ozzy	ʌ z i
packaging	p æ k ɪ dʒ ɪ n
paisley	p eɪ s l i
palfrey	p ɛ l f ɹ i
pan	p ɛ n
pancreatic	p æ ŋ k ɹ i æ t ɪ k
panel	p ɛ n ə l
pans	p ɛ n s
pansy	p æ n s i
pappas	p ɛ p ə z
parachuting	p ɛ ɹ ə ʃ u t ɪ ŋ
parade	p ɹ eɪ d
parametric	p ɛ ɹ ə m ɛ t ɹ ɪ k
paramilitary	p ɛ ɹ ə m ɪ l ə t ɛ ɹ i
paranormal	p ɛ ɹ ə n ɔ ɹ m ə l
parcel	p ɑ ɹ ʃ ə l
pardini	p ɑ ɹ d i n i
parents'	p ɛ ɹ ə n t s
paris	p æ ɹ ɪ ʃ
paris	p ɛ ɹ i z
paris	p ɛ ɹ ə s
paris'	p ɛ ɹ ɪ s
parish	p æ ɹ ɪ s
parish	p ɛ ɹ ɪ s
parking	p ɑ k i n
parking	p ɑ ɹ k ɪ n
parkland	p ɑ ɹ k l æ n d
parliamentary	p ɑ ɹ l ə m ɛ n t ɝ i
parliamentary	p ɑ ɹ l ə m ɛ n t ɹ i
parodied	p ɛ ɹ ə d ɪ d
parodies	p ɛ ɹ ə d ɪ z
part	p ʌ t
partially	p ɑ ɹ ʃ l i
parts	p ɑ t z
party	p ɑ t ɪ
pass	p ʌ s
passing	p æ s ɪ n
pastoral	p æ s t ɹ ə l
patricia	p ə t ɹ ɪ s ə
patricks	p æ t ɹ ɪ k s
patterson	p æ t ɝ ʃ ə n
patties	p æ t ɪ z
paulin	p ɔ l i n
payson	p eɪ s ə n
peaks	p ɪ k s
peanuts	p i n ɑ t s
pearce	p ɪ ɹ s
pearson	p ɪ ɝ s ə n
pechora	p ə k ɔ ɹ ə
pectin	p æ k t ə n
peel	p ɪ l
peering	p ɪ ɹ ɪ ŋ
peers	p ɪ ɹ s
peirce	p ɪ ɹ s
pemmican	p æ m ɪ k ə n
penalised	p ɪ n ə l aɪ z d
penguin	p ɛ n ɡ w ə n
percussive	p ɝ k ʌ s ɪ v
peregrines	p ɛ ɹ ə ɡ ɹ ɪ n z
performatives	p ɝ f ɔ ɹ m ə t ɪ v z
peris	p ɛ ɹ ɪ s
persian	p ɝ ʃ ə n
persians	p ɝ ʃ ə n z
pesch	p æ ʃ
pest	p æ s t
pet	p æ t
pete	p ɪ t
peter	p ɪ t ɝ
petersfield	p i t ɝ z v i l d
peterson	p i t ɝ z ə n
petiole	p æ t i ə l
petrie	p ɛ t ɹ i
pharmacies	f ɑ ɹ m ə s ɪ z
pharmacy	f ɑ ɹ m ə s ɪ
phase	f eɪ s
phases	f eɪ s i z
phases	f eɪ s ɪ z
philip's	f ɪ l i p s
philosophical	f ɪ l ə z ɑ f ɪ k ə l
phosphor	f ɑ s f ɝ
photos	f oʊ t oʊ s
physiological	f ɪ s i ə l ɑ dʒ ɪ k ə l
pickaninnies	p ɪ k ə n i n i z
picture	p ɪ tʃ ɝ
piece	p ɪ s
pieces	p ɪ s ɪ z
piers	p ɪ ɹ s
pigs	p ɪ ɡ s
piloting	p aɪ l ə t i n
pindar	p i n d ɝ
pioneer	p aɪ ə n i ɹ
pioneering	p aɪ ə n ɪ ɹ ɪ n
pirating	p aɪ ɹ ə t ɪ n
pisa	p i z ə
pisa	p ɪ s ə
pisani	p ɪ s ɑ n i
pisano	p ɪ s ɑ n oʊ
piso	p i z oʊ
pitch	p i tʃ
pitofsky	p ə t ɑ v s k i
place	p l eɪ z
planetarium	p l æ n ɪ t ɛ ɹ i ə m
planners	p l æ n ɝ s
plant	p l ʌ n t
plaque	p l ʌ k
plasma	p l æ s m ə
plating	p l eɪ t i n
platte	p l ɛ t
player	p l eɪ ɹ
plays	p l eɪ s
plenipotentiary	p l ɛ n i p ə t ɛ n tʃ ɝ i
police	p ə l ɪ s
policies	p ɑ l ə s ɪ z
pollution	p ə l u ʒ ə n
polybius	p ɑ l ɪ b i ə s
polyesters	p ɑ l i æ s t ɝ z
polymer	p ɑ l ɪ m ɝ
polyphonic	p ɑ l i f ɑ n ɪ k
polytheism	p ɑ l ɪ θ i ɪ z ə m
pool	p ʊ l
pooling	p ʊ l ɪ ŋ
pools	p ʊ l z
poor	p ɔ
popples	p ʌ p ə l z
position	p ə s ɪ ʃ ə n
positions	p ə z ɪ ʃ ə n s
positron	p ɑ z ə t ɹ ɑ n
possessed	p ə s ɛ s t
possession	p ə s ɛ ʃ ə n
posterior	p ɑ s t ɪ ɹ i ɝ
power	p aʊ ɹ
powers	p aʊ ɹ z
practice	p ɹ æ k t ə z
practicing	p ɹ æ k t ə z ɪ ŋ
practising	p ɹ æ k t ə s ɪ ŋ
pradesh	p ɹ ə d ɛ ʃ
precambrian	p ɹ i k æ m b ɹ i ə n
precarious	p ɹ i k ɛ ɹ i ə s
preceded	p ɹ i s i d ə d
preceded	p ɹ ɪ s i d ə d
precedes	p ɹ i s i d z
precinct	p ɹ i s ɪ ŋ k
precursor	p ɹ ɪ k ɝ s ɝ
predecessor	p ɹ i d ə s ɛ s ɝ
predetermined	p ɹ i d ɪ t ɝ m ə n d
predictably	p ɹ ɪ d ɪ k t ə b l i
predictions	p ɹ ɪ d ɪ k ʃ ə n z
predicts	p ɹ ɪ d ɪ k s
predominately	p ɹ ɪ d ɑ m ə n ə n t l i
preferably	p ɹ ɛ f ɝ ə b l i
preferences	p ɹ ɛ f ɹ ə n s ɪ z
preliminary	p ɹ i l ɪ m ə n ɛ ɹ i
premier	p ɹ i m i ɝ
premier	p ɹ i m i ɹ
premier	p ɹ i m ɪ ɹ
premises	p ɹ ɛ m ə s ə s
preparatory	p ɹ ɛ p ɝ ə t ɔ ɹ i
preschool	p ɹ i s k u l
prescriptive	p ɹ i s k ɹ ɪ p t ɪ v
preseason	p ɹ i s i z ə n
presence	p ɹ ɛ s ə n s
presence	p ɹ ɛ ʃ ə n z
presented	p ɹ i z ɛ n ə d
presented	p ɹ ɪ z ɛ n t ə d
presenter	p ɹ i z ɛ n t ɝ
presenters	p ɹ i z ɛ n t ɝ z
presenters	p ɹ ɪ z ɛ n t ɝ z
preserved	p ɹ i s ɝ v d
preserved	p ɹ ɪ z ɝ v d
preside	p ɹ ɪ z aɪ d
presided	p ɹ ɪ z aɪ d ɪ d
president	p ɹ ɛ s ɪ d ə n t
presides	p ɹ ɪ s aɪ d z
presidium	p ɹ ɪ z ɪ d i ə m
presnell	p ɹ ɛ s n ə l
press's	p ɹ ɛ s ɪ z
prestwood	p ɹ ɛ s t w ʊ d
preteen	p ɹ i t i n
preteens	p ɹ i t i n z
preterm	p ɹ i t ɝ m
pretoria	p ɹ ɪ t ɔ ɹ i ə
previews	p ɹ i v j u z
previous	p ɹ ɪ v i ə s
price	p ɹ aɪ z
primaries	p ɹ aɪ m ɹ i s
primitive	p ɹ ɪ m ə t ɪ v
prins	p ɹ ɪ n s
prisms	p ɹ ɪ s ə m z
prison	p ɹ ɪ s ə n
privett	p ɹ ɪ v ɪ t
prize	p ɹ aɪ s
prizes	p ɹ aɪ s ɪ z
probability	p ɹ ɑ b ə b ɪ l ə t i
probing	p ɹ oʊ b i n
problems	p ɹ ɑ b l ə m s
proceeding	p ɹ ə s i d ɪ n
processes	p ɹ ɑ s ɛ s i z
processor	p ɹ ɑ s ɛ s ɝ
productions'	p ɹ ə d ʌ k ʃ ə n z
products	p ɹ ɑ d ə k s
promising	p ɹ ɑ m ə s ɪ ŋ
promptly	p ɹ ɑ m p l i
prompts	p ɹ ɑ m p t s
prosecute	p ɹ ɑ s ə k j u t
prosecutors'	p ɹ ɑ s ə k j u t ɝ z
prosperity	p ɹ ɑ s p ɛ ɹ ə t i
protectionist	p ɹ ə t ɛ k ʃ ə n ɪ s t
protections	p ɹ ə t ɛ k ʃ ə n z
protests	p ɹ ə t ɛ s
province's	p ɹ ɑ v ə n s ɪ z
provincial	p ɹ ə v ɪ n s ə l
ptolemy's	t ɑ l ə m ɪ z
pub	p ɑ b
public	p ɑ b l ɪ k
publication	p ɑ b l ɪ k eɪ ʃ ə n
publishing	p ʌ b l ɪ ʃ i n
pubs	p ɑ b z
puck	p ɑ k
pucks	p ɑ k s
puerto	p ɔ ɹ t ə
puerto	p ɔ ɹ t ɝ
puff	p ɑ f
pugsley	p ʌ ɡ z l i
pula	p u l ə
pullo	p ʊ l oʊ
pumpelly	p ɑ m p ɛ l i
punjabi	p ɑ n dʒ ɑ b i
puppet	p ɑ p ə t
puppetry	p ʌ p ə t ɹ i
puppies	p ʌ p ɪ s
purana	p ɹ ɑ n ə
purchas	p ɝ tʃ ə s
purchasing	p ɝ tʃ ə s ɪ n
puri	p u ɹ i
putti	p u t i
puzzles	p ʌ s ə l z
puzzling	p ʌ z l ɪ n
quadriceps	k w ɑ d ɹ ə s ɛ p s
quantico	k w ɑ n t i k oʊ
quarterbacks	k w ɔ ɹ t ɝ b æ k s
querns	k w ɝ n s
quickly	k w ɪ k l ɪ
quintessential	k w ɪ n t i s ɛ n tʃ ə l
quizzing	k w ɪ z i n
race	ɹ eɪ z
raced	ɹ eɪ z t
races	ɹ eɪ s i z
racing	ɹ eɪ z ɪ ŋ
rack	ɹ ɛ k
racks	ɹ ɛ k s
radburn	ɹ æ d b ɝ n
raffi	ɹ æ f i
rafi	ɹ æ f i
raided	ɝ eɪ d ɪ d
rainy	ɹ eɪ n ɪ
raise	ɹ eɪ s
raising	ɹ eɪ s ɪ ŋ
ramsay	ɹ æ m z i
ramsey	ɹ æ m s i
randleman	ɹ æ n d ə l m ə n
ranjit	ɹ æ n dʒ i t
rankin	ɹ æ ŋ k ɪ ŋ
rankin	ɹ ɛ n k ɪ n
ranking	ɹ æ ŋ k ɪ n
rankings	ɹ æ ŋ k ɪ ŋ z
raptors	ɹ æ p t ɝ z
rarely	ɹ æ l i
ras	ɹ æ z
raskin	ɹ æ s k ɪ n
raspberry	ɹ æ s b ɛ ɹ i
raspy	ɹ ʌ s p ɪ
rather	ɹ ɑ ð ɝ
ratification	ɹ ɛ t ə f ə k eɪ ʃ ə n
ratings	ɹ eɪ t i n z
rattling	ɹ æ t l ɪ ŋ
ravenna	ɹ ə v ɛ n ə
rawling	ɹ ɔ l ɪ ŋ
reaching	ɹ i tʃ ɪ n
reactivity	ɹ i æ k t ɪ v ə t i
readings	ɹ i d ɪ ŋ z
readings	ɹ ɪ d ɪ ŋ z
reads	ɹ i d s
reasons	ɹ i s ə n z
reassess	ɹ i ə s ɛ s
rebel	ɹ æ b ə l
rebel	ɹ ɪ b ɛ l
rebroadcast	ɹ i b ɹ ɔ d k æ s t
rebuffed	ɹ ɪ b ʌ f t
recalls	ɹ ɪ k ɔ l z
recanted	ɹ ɪ k æ n t ɪ d
recanting	ɹ ɪ k æ n t ɪ ŋ
recedes	ɹ i s i d z
receding	ɹ ɪ s i d ɪ ŋ
receivers	ɹ ɪ s i v ɝ s
recent	ɹ ɪ s ə n t
recoiling	ɹ ɪ k ɔɪ l ɪ ŋ
recompense	ɹ i k ə m p æ n s
reconditioned	ɹ i k ə n d ɪ ʃ ə n d
reconfirmed	ɹ i k ə n f ɝ m d
reconnaissance	ɹ ɪ k ɑ n ə s ə n s
reconnect	ɹ i k ə n ɛ k t
reconnecting	ɹ i k ə n ɛ k t ɪ ŋ
record	ɹ æ k ɔ d
records	ɹ ɛ k ɔ d s
records	ɹ ɛ k ɝ d z
recounted	ɹ ɪ k aʊ n t ɪ d
recounts	ɹ ɪ k aʊ n t s
recovery	ɹ ɪ k ʌ v ɝ i
recur	ɹ ɪ k ɝ
recurring	ɹ ɪ k ɝ ɪ n
recurved	ɹ ɪ k ɝ v d
red	ɹ æ d
redeemed	ɹ i d i m d
redeems	ɹ i d i m z
redevelopment	ɹ i d ɪ v ɛ l ə p m ə n t
rediffusion	ɹ i d ɪ f j u ʒ ə n
redirecting	ɹ i d ɝ ɛ k t ɪ ŋ
redistricting	ɹ i d ɪ s t ɹ ɪ k t ɪ ŋ
redraft	ɹ i d ɹ æ f t
redraw	ɹ i d ɹ ɔ
reductions	ɹ ɪ d ʌ k ʃ ə n z
redundancy	ɹ i d ʌ n d ə n s i
reenactment	ɹ i ɪ n æ k t m ə n t
rees	ɹ i s
refectory	ɹ ɪ f ɛ k t ɝ i
reference	ɹ ɛ f ɝ ə n s
referenced	ɹ ɛ f ɝ ə n s t
references	ɹ ɛ f ɹ ə n s ɪ z
referencing	ɹ ɛ f ɹ ə n s ɪ ŋ
referendums	ɹ ɛ f ɝ ɛ n d ə m z
reffner	ɹ ɛ f n ɝ
refit	ɹ i f i t
reformation	ɹ i f ɔ ɹ m eɪ ʃ ə n
reformers'	ɹ ɪ f ɔ ɹ m ɝ z
reforms	ɹ i f ɔ m z
reforms	ɹ i f ɔ ɹ m z
refreshed	ɹ i f ɹ ɛ ʃ t
refueling	ɹ i f j u l ɪ ŋ
refueling	ɹ ɪ f j u l ɪ ŋ
refund	ɹ i f ʌ n d
refurbishment	ɹ i f ɝ b ɪ ʃ m ə n t
refurbishment	ɹ ɪ f ɝ b ɪ ʃ m ə n t
refuse	ɹ ɛ f j u z
regain	ɹ ɪ ɡ eɪ n
regains	ɹ ɪ ɡ eɪ n z
regenerating	ɹ ɪ dʒ ɛ n ɝ eɪ t ɪ ŋ
regional	ɝ ɪ dʒ ə n ə l
regional	ɹ ɪ dʒ ə n ə l
regionally	ɝ ɪ dʒ ə n ə l i
regis	ɹ æ dʒ ɪ s
rehearsal	ɹ ɪ h ɝ s ə l
rehearsals	ɹ ɪ h ɝ s ə l z
rehearsed	ɹ ɪ h ɝ s t
rehn	ɹ ɛ n
rehnquist	ɹ ɛ n k w ɪ s t
rehnquist	ɹ ɛ ŋ k w ɪ s t
reims	ɹ i m z
reinstituted	ɹ i ɪ n s t ɪ t u t ɪ d
reinventing	ɹ i ɪ n v ɛ n t ɪ ŋ
reinvention	ɹ i ɪ n v ɛ n ʃ ə n
reinvests	ɹ i ɪ n v ɛ s
relapses	ɹ i l æ p s ɪ z
relations	ɹ i l eɪ ʃ ə n ʃ
relatives	ɹ ɛ l ə t ɪ v s
relativistic	ɹ ɛ l ə t ɪ v ɪ s t ɪ k
relays	ɹ i l eɪ s
release	ɹ i l i z
releases	ɹ i l i s ɪ s
releases	ɹ ɪ l i z ɪ s
releases	ɹ ɪ l ɪ z ɪ z
relent	ɹ i l ɛ n t
reliably	ɹ ɪ l aɪ ə b l i
reliance	ɹ ɪ l aɪ ə n s
relied	ɹ i l aɪ d
reliefs	ɹ ɪ l i f s
relies	ɹ i l aɪ z
relinquished	ɹ ɪ l ɪ ŋ k w ɪ ʃ t
reliquary	ɹ ɪ l ɪ k w ɛ ɹ i
remember	m ɛ m b ɝ
reminder	ɹ ɪ m aɪ n d ɝ
remittance	ɹ ɪ m ɪ t ə n s
remorse	ɹ i m ɔ ɹ s
remorseful	ɹ i m ɔ ɹ s f ə l
removable	ɹ i m u v ə b ə l
removal	ɹ i m u v ə l
rendel	ɹ æ n d ə l
rendition	ɹ æ n d ɪ ʃ ə n
renew	ɹ i n u
renewable	ɹ i n u ə b ə l
renews	ɹ i n u z
reno's	ɹ i n oʊ s
rental	ɹ æ n t ə l
reorient	ɹ i ɔ ɹ i ɛ n t
repair	ɹ i p ɛ ɹ
repairing	ɹ i p ɛ ɹ ɪ ŋ
repatriated	ɹ ɪ p eɪ t ɹ i eɪ t ɪ d
repeatable	ɹ ɪ p i t ə b ə l
repertoire	ɹ æ p ə t w ɑ
replaced	ɹ i p l eɪ s t
repository	ɹ ɪ p ɑ z ə t ɔ ɹ i
represent	ɹ i p ɹ i z ɛ n t
represented	ɹ ɛ p ɹ ə z ɛ n ə d
repression	ɹ ɪ p ɹ ɛ ʃ ə n
repressive	ɹ ɪ p ɹ ɛ s ɪ v
reprise	ɹ ɪ p ɹ aɪ s
reprise	ɹ ɪ p ɹ i s
repudiate	ɹ ɪ p j u d i eɪ t
requests	ɹ ɪ k w ɛ s
require	ɹ i k w aɪ ɝ
requirement	ɹ i k w aɪ ɝ m ə n t
requiring	ɹ i k w aɪ ɹ ɪ ŋ
rerouted	ɹ i ɹ u t ɪ d
reruns	ɹ i ɹ ʌ n z
rescinded	ɹ i s ɪ n d ə d
rescissions	ɹ ɪ s ɪ ʃ ə n z
resents	ɹ ɪ z ɛ n t s
reserve	ɹ i s ɝ f
reserved	ɹ i s ɝ v d
reshuffle	ɹ i ʃ ʌ f ə l
reside	ɹ i z aɪ d
resided	ɹ ɪ s aɪ d ɪ d
residential	ɹ ɛ z ɪ d ɛ n ʃ ə l
resides	ɹ ɪ s aɪ d z
resign	ɹ i s aɪ n
resigned	ɹ i s aɪ n d
resigned	ɹ i z aɪ n d
resin	ɹ ɛ z ə n
resins	ɹ ɛ z ə n z
resistance	ɹ ɪ s ɪ s t ə n s
resistor	ɹ ɪ s ɪ s t ɝ
resistors	ɹ ɪ z ɪ s t ɝ z
resists	ɹ ɪ z ɪ s
resnick's	ɹ ɛ z n ɪ k s
resort	ɝ i s ɔ ɹ t
resort	ɹ i z ɔ ɹ t
resorting	ɹ i z ɔ ɹ t ɪ ŋ
resorts	ɹ i z ɔ ɹ t s
resound	ɹ i z aʊ n d
resounding	ɹ i z aʊ n d ɪ ŋ
resource	ɹ i z ɔ s
resource	ɹ i z ɔ ɹ s
resources	ɹ i z ɔ ɹ s ɪ z
responders	ɹ ɪ s p ɑ n d ɝ z
response	ɹ ɪ s p ɑ n z
restaurant	ɹ ɛ s t ɹ ɑ n t
restaurant	ɹ ɛ ʃ t ɝ ɑ n t
restored	ɹ i s t ɔ ɹ d
restraint	ɹ ɪ s t ɹ eɪ n t
restricted	ɹ i s t ɹ ɪ k t ɪ d
result	ɹ i s ʌ l t
resume	ɹ i s u m
resurface	ɹ i s ɝ f ə s
resurfaced	ɹ i s ɝ f ə s t
retaliate	ɹ i t æ l i eɪ t
retaliated	ɹ i t æ l i eɪ t ɪ d
retaliates	ɹ i t æ l i eɪ t s
retardant	ɹ i t ɑ ɹ d ə n t
rethinking	ɹ i θ ɪ ŋ k ɪ ŋ
retire	ɹ i t aɪ ɝ
retirement	ɹ i t aɪ ɝ m ə n t
retirements	ɹ i t aɪ ɝ m ə n t s
retires	ɹ i t aɪ ɝ z
retiring	ɹ i t aɪ ɝ ɪ ŋ
retransmission	ɹ i t ɹ æ n z m ɪ ʃ ə n
revenue	ɹ æ v ə n u
reverb	ɹ i v ɝ b
revered	ɹ i v ɪ ɹ d
reversed	ɹ i v ɝ s t
reversionary	ɹ ɪ v ɝ ʃ ə n ɛ ɹ i
reviews	ɹ i v j u s
reviews	ɹ ɪ f j u z
revised	ɹ ɪ v aɪ z d
revision	ɹ ɪ v ɪ ʒ ə n
revisionist	ɹ i v ɪ ʒ ə n ɪ s t
revisions	ɹ ɪ v ɪ ʒ ə n z
revue	ɹ i v j u
rework	ɹ i w ɝ k
reworked	ɹ i w ɝ k t
rex	ɹ æ k s
rhetoric	ɹ ɛ t ɝ ɪ k
rhett	ɹ ɛ t
rhys	ɹ i s
rhythmic	ɹ ɪ θ m ɪ k
riccardo	ɹ ɪ k ɑ ɹ d oʊ
rick	ɹ i k
rico	ɝ i k oʊ
rico	ɝ ɪ k oʊ
riddick	ɹ ɪ d ɪ k
ridges	ɹ i dʒ ɪ z
riding	ɹ aɪ d ɪ n
riffed	ɹ ɪ f t
riffs	ɹ ɪ f s
riga	ɹ ɪ ɡ ə
riggs	ɹ ɪ ɡ s
ring	ɹ i n
ring	ɹ i ŋ
ringling	ɹ ɪ ŋ l ɪ ŋ
rings	ɹ ɪ n z
riopel	ɹ i ə p ɛ l
rise	ɝ aɪ z
rishi	ɹ ɪ ʃ i
ritchie's	ɹ ɪ tʃ ɪ z
river	ɹ i v ə
river	ɹ i v ɝ
rivers	ɹ ɪ v ɝ s
rivkin	ɹ ɪ v k ɪ n
riyadh	ɹ i ɑ d
roark	ɹ ɔ ɹ k
robby's	ɹ ɑ b i z
roberta	ɹ ə b ɝ t ə
roberts'	ɹ ɑ b ɝ t s
robin	ɹ ɑ b ə n
robin	ɹ ɑ b ɪ ŋ
roblin	ɹ ʌ b l ɪ n
robot	ɹ oʊ b ɑ t
rock	ɹ ʌ k
rockin'	ɹ ɑ k ɪ ŋ
rockman	ɹ ɑ k m ə n
roddenberry	ɹ ɑ d ə n b ɛ ɹ i
rolling	ɹ oʊ l i n
roma	ɝ oʊ m ə
romford	ɹ ʌ m f ɝ d
rondon	ɹ ʌ n d ə n
ronnie	ɹ ʌ n i
rooker	ɹ ʊ k ɝ
rookie	ɹ u k i
roosevelt	ɹ u s ə v ɛ l t
rooted	ɹ u t ə d
rosalyn	ɹ ɑ z ə l ɪ n
rosanna	ɹ oʊ s æ n ə
roscoe	ɹ ʌ s k oʊ
rosen	ɹ oʊ s ə n
rosseter	ɹ ɑ s ɪ t ɝ
rossi	ɹ ʌ s i
rotisserie	ɹ ə t ɪ s ɝ i
round	ɝ aʊ n d
roundhead	ɹ aʊ n d h æ d
router	ɹ u t ɝ
routing	ɹ u t i n
rovings	ɹ oʊ v i n z
rowing	ɹ oʊ ɪ n
roxanna	ɹ ɑ k s æ n ə
roy	ɝ ɔɪ
rubber	ɹ ɑ b ɝ
rube	ɝ u b
rubik's	ɹ u b ɪ k s
rucksack	ɹ ɑ k s æ k
ruda	ɹ u d ə
rudimentary	ɹ u d ə m ɛ n t ɹ i
rudolf	ɹ u d ɑ l f
rui	ɝ u i
ruins	ɹ u ə n z
rumba	ɹ u m b ə
rural	ɹ u ɹ ə l
rustling	ɹ ʌ s l ɪ ŋ
rutherford	ɹ ʌ ð ɝ f ɝ d
rutland	ɹ ɑ t l ə n d
s	æ s
sack	s ɛ k
sacks	s ɛ k s
safe	s eɪ v
safra	s æ f ɹ ə
sahib	s ə h i b
said	s æ d
salem	ʃ eɪ l ə m
salford	s ɛ l f ɝ d
salomon	s ɛ l ə m ə n
salvadoran	s æ l v ə d ɔ ɹ ə n
sampras	s æ m p ɹ ə z
san	ʃ æ n
sangreal	s æ ŋ ɡ ɹ i ə l
sani	s ɛ n i
saracen	s ɛ ɹ ə s ə n
sardinian	s ɑ ɹ d ɪ n i ə n
sasebo	s æ s i b oʊ
satellite	s ɛ t ə l aɪ t
satire	s æ t aɪ ɹ
satirising	s æ t ɹ aɪ z ɪ ŋ
satisfactorily	s æ t ə s f æ k t ɝ ə l i
satriani	s æ t ɹ i ɑ n i
satyr	s æ t ɝ
saving	s eɪ v ɪ n
scarecrow	s k ɛ ɹ k ɹ oʊ
scarecrows	s k ɛ ɹ k ɹ oʊ z
scarves	s k ɑ ɹ f s
schemes	s k ɪ m z
schwartzman	ʃ w ɔ ɹ t s m ə n
science	s aɪ ə n z
scores	s k ɔ ɹ s
scott	ʃ k ɑ t
scrambling	s k ɹ æ m b ə l ɪ ŋ
scrapings	s k ɹ eɪ p ɪ n z
screaming	s k ɹ i m ɪ n
screenings	s k ɹ i n ɪ n z
scripted	s k ɹ ɪ p t ɪ d
scripting	s k ɹ ɪ p t i n
scripts	s k ɹ ɪ p s
scully	s k ɑ l i
sea	s ɪ
sears	s ɪ ɹ s
season	s i s ə n
season	s ɪ s ə n
season	s ɪ ʃ ə n
seasons	s ɪ s ə n z
seating	s ɪ t ɪ ŋ
seats	s ɪ t s
seconds	s ɛ k ə n s
secrete	s ɪ k ɹ ɪ t
secretion	s ɪ k ɹ i ʃ ə n
section	s æ k ʃ ə n
sector	s ɛ k t ɹ
sectors	s ɛ k t ɝ s
see	s ɪ
see	z i
seed	s ɪ d
seeking	s ɪ k ɪ ŋ
selenium	s ɪ l ɪ n i ə m
seleucia	s ə l u s i ə
selling	s æ l ɪ ŋ
seminole	s ɛ m i n oʊ l
sena	s æ n ə
senator	s æ n ə t ɝ
senators	s æ n ə t ɝ z
senegal	s æ n ə ɡ ə l
seng	s æ ŋ
seniority	s ɪ n j ɔ ɹ ɪ t i
sensual	s ɛ n s u ə l
sensuality	s ɛ n s u æ l ə t i
separate	s ɛ p ɝ ə t
separatism	s ɛ p ɹ ə t ɪ z ə m
separatists	s ɛ p ɹ ə t ɪ s t s
sepulchre	s ɛ p ə l k ɝ
sequani	s ɪ k w ɑ n i
series	s i ɝ i z
series	s ɪ ɹ i s
series'	s ɪ ɹ i z
serve	s ɝ f
served	s ɝ f d
serves	s ɝ v s
service	s ɝ f ə s
service	s ɝ v i s
services	s ɝ f ə s ə s
services	s ɝ f ə s ə z
services	s ɝ v ə s ə s
set	s æ t
sets	ʃ ɛ t s
setting	s ɛ t ɪ n
settled	s æ t ə l d
settler	s æ t l ɝ
settlers	s æ t l ə s
seven	s æ v ə n
severe	s ɪ v i ə
severn	s ɛ v ə n
sex	s æ k s
shakespeare	ʃ eɪ k s p ɪ ɹ
shakespeare's	ʃ eɪ k s p ɪ ɹ z
shankar	ʃ æ ŋ k ɑ ɹ
shape	s eɪ p
sharecropper	ʃ ɛ ɹ k ɹ ɑ p ɝ
shared	ʃ æ d
shareware	ʃ ɛ ɹ w ɛ ɹ
sharma	ʃ ɑ ɹ m ə
sharpton	ʃ ɑ ɹ p t ə n
she	s i
she	s ɪ
she	ʃ ɪ
sheaths	ʃ i θ s
shed	ʃ æ d
sheets	s i t s
sheikhs	ʃ i k s
sheng	ʃ æ ŋ
shimon	ʃ ɪ m ə n
shipping	ʃ ɪ p ɪ n
ships	ʃ i p s
shire	ʃ aɪ ɝ
shires	ʃ aɪ ɝ z
shopping	ʃ ɑ p ɪ n
shorebird	ʃ ɔ ɹ b ɝ d
shortcuts	ʃ ɔ ɹ t k ɑ t s
shortener	ʃ ɔ ɹ t ə n ɝ
shortfall	ʃ ɔ ɹ t f ɔ l
shot	ʃ ʌ t
show	s oʊ
shown	s oʊ n
shrek	ʃ ɹ æ k
shrine	s ɹ aɪ n
shrinking	s ɹ ɪ ŋ k ɪ ŋ
shropshire	ʃ ɹ ɑ p ʃ aɪ ɝ
shut	ʃ ɑ t
siegmund	s ɪ ɡ m ə n d
sigismund	s ɪ ɡ i s m ə n d
signs	s aɪ n s
sikorski	s ɪ k ɔ ɹ s k i
siloam	s ɪ l oʊ m
silos	s aɪ l oʊ s
silver	s ɪ l f ə
silvestri	s ɪ l v ɛ s t ɹ i
simi	s ɪ m i
singapore	s ɪ n ə p ɔ
singapore	s ɪ ŋ ə p ɔ ɹ
singer	s ɪ n ə
singers	s ɪ ŋ ə s
singh	s ɪ n
sire	ʃ aɪ ɝ
sitting	s ɪ t i n
sleeping	s l i p ɪ n
slessor	ʃ l ɛ s ɝ
slog	s l ʌ ɡ
slows	ʃ l oʊ z
smog	s m ʌ ɡ
smokin'	s m oʊ k ɪ ŋ
smoking	s m oʊ k ɪ n
snares	s n æ z
snuff	s n ɑ f
snyder	ʃ n aɪ d ɝ
so	ʃ oʊ
soccer	s ʌ k ɝ
socinianism	s oʊ s ɪ n i ə n ɪ z ə m
sociologist	s oʊ ʃ i ɑ l ə dʒ ɪ s t
sociology	s oʊ ʃ i ɑ l ə dʒ i
sod	s ʌ d
software	s ɔ f t w ɛ
sombrero	s ʌ m b ɹ ɛ ɹ oʊ
some	s ɑ m
some	ʃ ʌ m
somerville	s ʌ m ɝ f ɪ l
somethin'	s ʌ m θ ɪ ŋ
song	s ɔ n
song	s ʌ n
song	s ʌ ŋ
song	ʃ ɔ ŋ
songs	s ɔ ŋ s
songs	s ʌ n z
sons	s ʌ n s
sons'	s ʌ n z
soong	s u n
sophomoric	s ʌ f ə m ɔ ɹ ɪ k
source	s ɔ z
sources	s ɔ s ɪ s
sources	s ɔ ʃ i z
southern	s ɑ ð ə n
sparrows	s p æ ɹ oʊ z
speakeasy	s p i k i z i
spearheaded	s p ɪ ɹ h ɛ d ɪ d
species	s p i s ɪ z
species	s p i ʃ ɪ z
spectrometer	s p ɛ k t ɹ ɑ m ə t ɝ
specular	s p ɛ k j ə l ɝ
speedy	z p i d i
spherical	s f ɪ ɹ ɪ k ə l
spielberg	s p ɪ l b ɝ ɡ
spilsby	s p ɪ l z b i
spire	s p aɪ ɝ
spires	s p aɪ ɝ z
spitzer	s p ɪ t s ɝ
sportier	s p ɔ ɹ t i ɝ
spouse's	s p aʊ s ɪ z
springfield	s p ɹ ɪ ŋ f ɪ l d
springsteen	s p ɹ ɪ ŋ s t i n
sprinkling	s p ɹ ɪ ŋ k ə l ɪ ŋ
spruill	s p ɹ u l
sri	ʃ ɹ i
sta	s t ɑ
staff	s t ʌ f
staging	s t eɪ dʒ i n
stain	s t eɪ ŋ
stalingrad	s t ɑ l ɪ ŋ ɡ ɹ æ d
stamps	s t ɛ m p s
standards	s t æ n d ɝ d s
standin	s t æ n d ɪ ŋ
stang	s t æ n
stanislav	s t æ n i s l ɑ v
startups	s t ɑ ɹ t ə p s
station	s t eɪ s ə n
station's	s t eɪ ʃ ə n s
steel	s t ɪ l
steele	s t ɪ l
stengel	s t æ ŋ ɡ ə l
steno	s t æ n oʊ
stewards	s t u ɝ d s
stings	s t ɪ ŋ s
stitching	s t ɪ tʃ ɪ n
stitzer	s t ɪ t s ɝ
stood	s t u d
stopped	s t ʌ p t
stores	s t ɔ ɹ s
stores	s t ɔ ɹ ʃ
streaked	s t ɹ ɪ k t
streep	s t ɹ i p
streetsville	s t ɹ i t s f ɪ l
stress	s t ɹ æ s
stretching	s t ɹ ɛ tʃ ɪ n
stretton	s t ɹ æ t ə n
stride	ʃ t ɹ aɪ d
strikes	ʃ t ɹ aɪ k s
stringed	s t ɹ ɪ ŋ d
strip	ʃ t ɹ ɪ p
striptease	s t ɹ ɪ p t i z
strong	ʃ t ɹ ʌ ŋ
stroup	s t ɹ u p
strub	s t ɹ ʌ b
strut	s t ɹ ɑ t
strutting	s t ɹ ɑ t ɪ ŋ
strychnine	s t ɹ ɪ k n ɪ n
stubbins	s t ɑ b ɪ n z
stud	s t ɑ d
studied	s t ɑ d ɪ d
studied	s t ʌ d ɪ d
study	s t ɑ d i
subsequent	s ʌ b s i k w ə n t
subspecies	s ʌ b s p i s i z
substances	s ʌ b s t ə n s i z
substantiate	s ə b s t æ n s i eɪ t
succeeded	s ə k s i d i d
sullivan	s ʌ l i v ə n
summit	s ɑ m ə t
sundance	s ʌ n d æ n z
sung	s ʌ n
superlatively	s u p ɝ l ə t ɪ v l i
supermarket	s u p ɝ m ɑ ɹ k ə t
suppressor	s ə p ɹ ɛ s ɝ
supremacist	s u p ɹ ɛ m ə s ɪ s t
surface	s ɝ v ə s
surfactant	s ɝ f ɛ k t ə n t
surrounding	s ɝ aʊ n d ɪ n
sutton	s ɑ t ə n
swann	ʃ w ɑ n
swimming	s w ɪ m ɪ n
swire	s w aɪ ɝ
swiss	s w i s
swithun's	s w ɪ ð ə n z
symposia	s ɪ m p oʊ z i ə
synchronicity	s ɪ ŋ k ɹ ə n ɪ s ɪ t i
synge	s ɪ n
syntax	s ɪ n t ɛ k s
systemic	s ɪ s t æ m ɪ k
systems	s ɪ s t ə m s
tabriz	t ɛ b ɹ i z
taking	t eɪ k ɪ n
talladega	t æ l ə d i ɡ ə
talmud	t ɛ l m ʊ d
tamara	t ə m ɑ ɹ ə
tamil	t ə m i l
tammany	t ɛ m ə n i
tampering	t ɛ m p ɝ ɪ ŋ
tang	t æ n
tangier	t æ n dʒ ɪ ɹ
tanzer	t ɛ n z ɝ
taras	t ɑ ɹ ə s
tasks	t ʌ s k s
tasmania	t æ s m eɪ n i ə
taulas	t ɔ l ə s
tavern	t æ f ə n
taverners	t ɛ v ɝ n ɝ z
tax	t ɛ k s
taxing	t æ k s ɪ n
taxis	t æ k s ɪ z
teacher	t ɪ tʃ ə
teachers	t i tʃ ə s
teaching	t i tʃ ɪ n
team	t ɪ m
teams	t ɪ m ʃ
tear	t ɛ ɹ
tearing	t ɪ ɹ ɪ ŋ
tech	t æ k
technical	t ɛ k n i k ə l
techno	t æ k n oʊ
technologies	t ɛ k n ɑ l ə dʒ ɪ s
teen	t ɪ n
teething	t i θ ɪ ŋ
teleportation	t æ l ə p ɔ ɹ t eɪ ʃ ə n
television	t ɛ l ə v ɪ ʃ ə n
television's	t ɛ l ə f ɪ ʒ ə n z
temperamental	t ɛ m p ɹ ə m ɛ n t ə l
temperamentally	t ɛ m p ɹ ə m ɛ n ə l i
temperature	t ɛ m p ɝ ə tʃ ɝ
temporal	t ɛ m p ɹ ə l
tempore	t ɛ m p ɔ ɹ i
ten	t æ n
tendencies	t ɛ n d ə n s ɪ z
tendons	t ɛ n d ə n s
tengo	t ɛ n ɡ oʊ
tennis	t ɛ n ə z
tensor	t æ n s ə
tensor	t ɛ n s ɝ
tent	t æ n t
teos	t i oʊ s
terminology	t ɝ m ə n ɑ l ə dʒ i
terral	t ɛ ɹ ə l
terre	t ɛ ɹ ə
terri	t ɛ ɹ i
terror	t ɛ ɹ
test	t æ s t
testing	t ɛ s t ɪ n
tetra	t ɛ t ɹ ə
tetrahedral	t ɛ t ɹ ə h i d ɹ ə l
tex	t æ k s
tex	t æ k
text	t æ k s t
that	θ æ t
thats	ð æ t s
the	ð
the	θ i
the	θ ɑ
the	θ ə
the	θ ɪ
theatre	θ i ə t ɹ
their	ð æ ɹ
their	θ ɛ ɹ
them	θ ə m
theme	θ ɪ m
then	ð æ n
theorem	θ i ɝ ə m
theorem	θ i ɹ ə m
theorems	θ i ɝ ə m z
theory	θ i ɹ i
theory	θ ɪ ɝ i
therapeutically	θ ɛ ɹ ə p j u t ɪ k l i
therapies	θ ɛ ɹ ə p i z
therapists	θ ɛ ɹ ə p ɪ s t s
there	ð æ
there	ð æ ɹ
there	ð ɛ
there	ð ɛ ɝ
there's	ð ɛ ɹ s
theresa	t ɝ i z ə
thermometer	θ ɝ m ɑ m ɪ t ɝ
these	ð i s
these	ð ɪ s
these	ð ɪ z
these	θ i s
these	θ ɪ z
thicke	θ i k
things	θ ɪ ŋ s
thinking	θ ɪ ŋ k ɪ n
this	ð i s
this	ð i z
this	ð ɪ ʃ
this	θ ɪ s
threading	θ ɹ ɛ d ɪ n
threat	θ ɹ æ t
threshed	θ ɹ æ ʃ t
thriving	θ ɹ aɪ v i ŋ
throwing	θ ɹ oʊ ɪ n
thursley	θ ɝ z l i
thus	θ ʌ s
thwarted	θ w ɔ ɹ t ɪ d
tibet	t ɪ b ɛ t
tier	t i ə
tiers	t ɪ ɹ z
tigger	t ɪ ɡ ɝ
tigre	t i ɡ ɹ
tik	t ɪ k
tillamook	t ɪ l ə m u k
timing	t aɪ m ɪ n
timmons	t ɪ m ə n s
tinsley	t ɪ n z l i
tithe	t aɪ θ
titles	t aɪ t ə l s
tiviot	t i v i ə t
to	t i
tom	t ʌ m
toms	t ʌ m z
tongue	t ɑ ŋ
tongue	t ʌ n
tons	t ɑ n z
took	t u k
tooting	t u t i n
top	t ʌ p
torre	t ɔ ɹ
torrens	t ɔ ɹ ə n s
torsion	t ɔ ʒ ə n
torus	t ɔ ɹ ə z
tottenham	t ʌ t ə n ə m
touch	t ɑ tʃ
tour	t ɔ
touring	t ɔ ɹ ɪ n
tourism	t ʊ ɝ ɪ z ə m
tourist	t ʊ ɹ ə s t
tours	t u ɹ z
tours	t ɔ ɹ z
townsley	t aʊ n z l i
toynbee	t ɔɪ ŋ b i
tracers	t ɹ eɪ s ɝ s
trainee	t ɹ eɪ n ɪ
training	t ɹ eɪ n ɪ n
tralee	t ɹ ɛ l i
trance	t ɹ ɑ n z
trang	t ɹ æ ŋ
transaction	t ɹ æ n s æ k ʃ ə n
transcendental	t ɹ æ n s ə n d ɛ n ə l
transducer	t ɹ æ n z d u s ɝ
transducers	t ɹ æ n z d u s ɝ z
transected	t ɹ æ n s ɛ k t ɪ d
transfusions	t ɹ æ n s f j u ʒ ə n z
transgender	t ɹ æ n z dʒ ɛ n d ɝ
transitioning	t ɹ æ n z ɪ ʃ ə n ɪ ŋ
translates	t ɹ æ n s l eɪ t s
translation	t ɹ æ n s l eɪ ʃ ə n
transliterated	t ɹ æ n z l ɪ t ɝ eɪ t ɪ d
transliteration	t ɹ æ n z l ɪ t ɝ eɪ ʃ ə n
transmedia	t ɹ æ n z m i d i ə
transmissible	t ɹ æ n z m ɪ s ə b ə l
transmits	t ɹ æ n s m ɪ t s
transmitter	t ɹ æ n z m ɪ t ɝ
transmitters	t ɹ æ n z m ɪ t ɝ z
transmitting	t ɹ æ n z m ɪ t ɪ n
transmitting	t ɹ æ n z m ɪ t ɪ ŋ
transnistria	t ɹ æ n s n ɪ s t ɹ i ə
transplantation	t ɹ æ n s p l æ n t eɪ ʃ ə n
transponders	t ɹ æ n s p ɑ n d ɝ z
transport	t ɹ æ n s p ɔ t
transrapid	t ɹ æ n z ɹ æ p ɪ d
transverse	t ɹ æ n z v ɝ z
travers	t ɹ æ v ɝ s
treanor	t ɹ ɪ n ɝ
treatise	t ɹ i t i z
treble	t ɹ æ b ə l
trek	t ɹ æ k
trekkers	t ɹ æ k ɝ z
treks	t ɹ æ k s
trends	t ɹ æ n d z
trends	t ɹ ɛ n z
tresco	t ɹ æ s k oʊ
tricia	t ɹ ɪ ʃ ə
trinidad	t ɹ ɪ n i d æ d
trish	t ɹ ɪ ʃ
tritium	t ɹ ɪ t i ə m
trombone	t ɹ ʌ m b oʊ n
troops	t ɹ u p z
troubling	t ɹ ʌ b l ɪ ŋ
truck	t ɹ ɑ k
trucking	t ɹ ʌ k ɪ n
trueman	t ɹ u m ə n
trump's	t ɹ ʌ m p s
tsar	s ɑ
tuas	t u ə s
tucker	t ɑ k ə
tully's	t ɑ l i z
tun	t u n
tuns	t ɑ n z
tunstall	t ɑ n s t ə l
turkey's	t ɝ k ɪ s
tussle	t ɑ s ə l
tutte	t ʊ t
two	t ʊ
types	t aɪ p z
tyres	t aɪ ɝ z
umbrellas	ə m b ɹ ɛ l ə z
uneventful	ʌ n ɪ v ɛ n t f ə l
uneventfully	ʌ n ɪ v ɛ n t f ə l i
unicode	j u n i k oʊ d
unique	j u n ɪ k
universal	j u n ə f ɝ s ə l
universe	j u n ə f ɝ s
university's	j u n ə v ɝ s ə t ɪ s
unrealistic	ə n ɹ i l ɪ s t ɪ k
unreformed	ʌ n ɹ ɪ f ɔ ɹ m d
unreleased	ʌ n ɹ i l i s t
unrepentant	ʌ n ɹ ɪ p ɛ n t ə n t
unresolved	ə n ɹ i z ʌ l v d
unresponsive	ʌ n ɹ ɪ s p ɑ n s ɪ v
unseen	ə n s ɪ ŋ
upperville	ɑ p ɝ v ɪ l
uppsala	u p s ɑ l ə
upson	ɑ p s ə n
urban	ɹ b ə n
urdu	ɹ d u
urine	j u ɹ ə n
us	ɑ s
usable	j u s ə b ə l
used	j u s d
user	j u s ɝ
uses	j u s i z
uses	j u s ɪ s
using	j u s ɪ ŋ
using	j u z ɪ n
uzbek	u s b ɛ k
vaccine	v æ k s ɪ n
vaginal	f æ dʒ ə n ə l
valenza	v ə l ɛ n s ə
valeria	v ə l ɪ ɹ i ə
vampire	v æ m p aɪ ɝ
vampires	v æ m p aɪ ɝ z
vampires	v ɛ m p aɪ ɝ z
vance	v æ n z
vanderbilt	v ɛ n d ɝ b ɪ l t
varicose	v ɛ ɹ ə k oʊ z
variety	f ɝ aɪ ə t i
various	v ɛ ɹ i ə z
vase	v eɪ z
vassal	v ɛ s ə l
vastus	f ɛ s t ə s
vectors	f æ k t ɝ z
veer	v i ə
vegan	v ɪ ɡ ə n
vehicular	v ɪ h ɪ k j ə l ɝ
velveeta	v æ l v i t ə
venetian	v ə n ɪ ʃ ə n
venezuela	v ɛ n ɪ s w eɪ l ə
venue	v æ n j u
verse	f ɝ s
version	f ɝ ʃ ə n
version	f ɝ ʒ ə n
version	v ɝ s ə n
versions	v ɝ ʃ ə n z
vertical	f ɝ t ɪ k ə l
vesicles	v ɛ s ɪ k ə l z
vessels	v æ s ə l z
vestas	f ɛ s t ə s
veteran	v æ t ɝ ə n
veterans'	v ɛ t ɹ ə n z
vibrato	v ɪ b ɹ ɑ t oʊ
victory	f ɪ k t ɝ i
video	v i d i oʊ
viewer	f j u ɝ
vigour	v ɪ ɡ ɝ
viking	v aɪ k ɪ n
vikings	v aɪ k i n z
vikings	v aɪ k ɪ n z
vincenzo	v ɪ n tʃ ɛ n z oʊ
viruses	v aɪ ɹ ə s ɪ s
visby	v ɪ z b i
vise	v aɪ z
visibility	v ɪ s ə b ɪ l ɪ t i
vistas	v i s t ə s
visual	f ɪ ʒ u ə l
visual	v ɪ ʃ u ə l
visual	v ɪ ʃ ə l
visually	v ɪ ʃ u ə l i
visum	v ɪ z ə m
viz	v ɪ z
volga	v ʌ l ɡ ə
volleyball	f ɑ l i b ɔ l
voting	v oʊ t i ŋ
voting	v oʊ t ɪ n
vs	v ɝ s ə s
wagner	v ɑ ɡ n ɝ
wales	w eɪ l s
walsingham	w ɔ l ʃ ɪ ŋ h æ m
waltrip	w ɔ l t ɹ ɪ p
wan	w ʌ n
wander	w ʌ n d ɝ
wandering	w ʌ n d ɝ ɪ ŋ
warriors	w ɔ ɹ i ɝ z
was	w ɑ s
was	w ɔ s
was	w ʌ s
watershed	w ɔ t ɝ ʃ æ d
watrous	w ɑ t ɹ ə s
watson	w ʌ t s ə n
we	w ɪ
we're	w ɛ ɹ
weathersby	w ɛ ð ɝ z b i
weber	w æ b ɝ
weiss	w aɪ z
wesleyan	w ɛ s l i ə n
whatley	w ɑ t l i
wheel	w ɪ l
wheels	w ɪ l z
wheelwright	w ɪ l ɹ aɪ t
when	w æ n
where	w ɛ ɹ
where'd	w ɛ ɹ d
whereas	w ɛ ɹ æ z
wherever	w ɛ ɹ ɛ v ɝ
whichever	w ɪ tʃ ɛ v ɝ
whipping	w ɪ p ɪ n
whitefield	h w aɪ t f ɪ l d
whitty	w ɪ t ɪ
wife	w aɪ v
wilfried	w ɪ l f ɹ ɪ d
will	w i l
williamsport	w ɪ l j ə m z p ɔ ɹ t
willsie	w ɪ l z i
wind	w ɪ ŋ d
windsor	w ɪ n s ɝ
winfrey	w ɪ n f ɹ i
wingate	w ɪ ŋ ɡ eɪ t
winning	w ɪ n ɪ n
winship	w ɪ n s ɪ p
winslow	w ɪ n z l oʊ
winterbourne	w ɪ n t ɝ b ɔ ɹ n
wire	w aɪ ɝ
wires	w aɪ ɝ z
with	w i v
with	w i θ
wolverhampton	w ʊ l f ɝ h æ m p t ə n
wolves	w ʊ l v s
woman	w u m ə n
wombat	w ʌ m b æ t
wonder	w ɑ n d ɝ
wong	w ɔ n
woofter	w ʊ f t ɝ
woolston	w u l s t ə n
wooster	w ʊ s t ɝ
worcestershire	w ɪ s t ɝ ʃ ɪ ɹ
worcestershire	w ʊ s t ɝ ʃ ɝ
working	w ɝ k ɪ n
worsley's	w ɝ z l i z
wrap	ɹ ɛ p
wreaks	ɹ ɪ k s
wrestler	ɹ æ s l ɝ
wrestler	ɹ ɛ s l ɝ
wrestlers	ɹ ɛ s l ɝ z
writing	ɹ aɪ t ɪ n
wu	w ʊ
wyre	w aɪ ɝ
x	æ k s
xerox	z ɪ ɹ ɑ k s
xining	s ɪ n ɪ ŋ
xtra	ɛ k s t ɹ ə
yandex	j æ n d æ k s
yang	j æ n
yangtze	j æ n s i
yangtze	j æ ŋ s i
yeah	j ɛ
yemen	j æ m ə n
yemeni	j æ m ə n i
yet	j æ t
yorkshire	j ɔ ɹ k ʃ ɝ
you	j ʊ
you're	j ʊ ɹ
young	j ʌ n
younger	j ʌ ŋ ɡ ɝ
youngstown	j ʌ ŋ s t aʊ n
your	j u ɹ
youre	j u ɹ
yours	j ʊ ɹ z
yvonne	i v ɑ n
z	s
zanesville	s eɪ n z v ɪ l
zanzibar	s æ n z ə b ɑ ɹ
zanzibar	z æ n s ə b ɑ ɹ
zapote	s ə p oʊ t
zealand	s i l ə n d
zeckendorf	z ɛ k ə n d ɔ ɹ f
zeeman	s i m ə n
zen	s æ n
zeng	s æ ŋ
zeppelin	z ɛ p l ɪ ŋ
zhang	z æ n
zhang	z æ ŋ
zimbabwe	s ɪ m b ɑ b w eɪ
zombie	s ɑ m b i
zones	z oʊ n s
zoo	s u
zun	z u n
